timestamp,turbine_id,turbine,temperature,pressure,wind_speed,power_output
1732003602.7853026,0,turbine 1,13.15,101603.98,6.17,1756.59
1732003602.7853026,0,turbine 2,12.72,101618.66,6.19,1890.9
1732003602.7853026,0,turbine 3,12.7,101563.65,6.06,1776.02
1732003602.7853026,0,turbine 4,13.11,101576.47,6.35,1688.09
1732003602.7853026,0,turbine 5,12.39,101594.85,6.1,1750.77
1732003602.7853026,0,turbine 6,13.06,101521.72,6.31,1877.82
1732003602.7853026,0,turbine 7,12.89,101610.1,6.29,1764.35
1732003602.7853026,0,turbine 8,12.73,101539.06,6.4,1836.21
1732003602.7853026,0,turbine 9,12.78,101537.54,6.16,1704.2
1732003602.7853026,0,turbine 10,12.55,101576.92,6.32,1809.12
1732003602.7853026,0,turbine 11,12.92,101603.27,6.32,1715.49
1732003602.7853026,0,turbine 12,12.28,101552.37,6.18,1710.24
1732003602.7853026,0,turbine 13,12.43,101561.54,6.0,1878.77
1732003602.7853026,0,turbine 14,13.07,101534.69,6.37,1685.4
1732003602.7853026,0,turbine 15,12.65,101584.81,6.35,1797.39
1732003602.7853026,0,turbine 16,12.41,101608.74,6.08,1871.82
1732003602.7853026,0,turbine 17,12.65,101540.27,5.95,1710.06
1732003602.7853026,0,turbine 18,12.38,101555.63,5.92,1730.95
1732003602.7853026,0,turbine 19,12.35,101610.18,6.02,1907.74
1732003602.7853026,0,turbine 20,12.29,101592.28,6.07,1684.18
1732003602.7853026,0,turbine 21,12.25,101574.27,6.44,1741.95
1732003602.7853026,0,turbine 22,13.09,101539.82,6.3,1876.89
1732003602.7853026,0,turbine 23,12.24,101550.83,6.46,1735.96
1732003602.7853026,0,turbine 24,12.22,101593.76,6.23,1697.68
1732003602.7853026,0,turbine 25,12.44,101602.94,6.08,1724.62
1732003602.7853026,0,turbine 26,12.95,101597.92,6.25,1900.29
1732003602.7853026,0,turbine 27,13.05,101530.27,6.18,1762.48
1732003602.7853026,0,turbine 28,13.13,101613.31,6.47,1876.94
1732003602.7853026,0,turbine 29,13.19,101530.24,6.03,1767.49
1732003602.7853026,0,turbine 30,12.85,101536.33,6.37,1747.43
1732003608.1746802,0,turbine 1,12.32,101600.94,6.41,1909.57
1732003608.1746802,0,turbine 2,12.43,101520.78,6.41,1720.25
1732003608.1746802,0,turbine 3,12.44,101532.93,6.27,1710.47
1732003608.1746802,0,turbine 4,12.84,101574.92,6.23,1696.22
1732003608.1746802,0,turbine 5,12.33,101573.94,6.05,1870.96
1732003608.1746802,0,turbine 6,12.7,101546.72,6.15,1750.81
1732003608.1746802,0,turbine 7,12.55,101533.59,6.13,1725.2
1732003608.1746802,0,turbine 8,13.16,101580.18,6.31,1895.52
1732003608.1746802,0,turbine 9,12.75,101556.94,6.0,1897.71
1732003608.1746802,0,turbine 10,13.12,101566.45,6.0,1757.21
1732003608.1746802,0,turbine 11,12.49,101531.78,6.35,1718.52
1732003608.1746802,0,turbine 12,12.43,101594.63,6.02,1814.54
1732003608.1746802,0,turbine 13,12.74,101524.35,5.98,1882.05
1732003608.1746802,0,turbine 14,13.12,101603.63,6.41,1750.33
1732003608.1746802,0,turbine 15,13.04,101533.2,6.36,1760.78
1732003608.1746802,0,turbine 16,13.16,101572.41,5.96,1810.15
1732003608.1746802,0,turbine 17,12.94,101529.53,6.45,1813.74
1732003608.1746802,0,turbine 18,12.91,101614.08,6.47,1724.71
1732003608.1746802,0,turbine 19,13.0,101536.43,6.08,1898.43
1732003608.1746802,0,turbine 20,13.19,101562.96,6.32,1794.55
1732003608.1746802,0,turbine 21,12.91,101596.81,6.33,1907.8
1732003608.1746802,0,turbine 22,12.58,101537.68,6.33,1819.18
1732003608.1746802,0,turbine 23,12.25,101557.17,5.95,1757.64
1732003608.1746802,0,turbine 24,12.28,101550.93,6.26,1769.71
1732003608.1746802,0,turbine 25,12.29,101606.96,6.17,1683.28
1732003608.1746802,0,turbine 26,12.78,101610.48,6.0,1919.89
1732003608.1746802,0,turbine 27,12.99,101570.02,5.97,1837.15
1732003608.1746802,0,turbine 28,12.69,101563.76,6.02,1852.73
1732003608.1746802,0,turbine 29,12.67,101521.64,6.2,1893.03
1732003608.1746802,0,turbine 30,13.14,101607.39,6.46,1850.44
1732003613.529393,0,turbine 1,12.94,101583.13,6.47,1670.12
1732003613.529393,0,turbine 2,13.11,101586.39,5.96,1660.72
1732003613.529393,0,turbine 3,12.54,101548.65,6.23,1898.6
1732003613.529393,0,turbine 4,12.76,101605.27,5.99,1710.1
1732003613.529393,0,turbine 5,12.7,101554.43,6.44,1763.01
1732003613.529393,0,turbine 6,13.0,101586.95,6.29,1765.89
1732003613.529393,0,turbine 7,12.78,101567.22,6.23,1762.15
1732003613.529393,0,turbine 8,12.22,101610.8,5.98,1706.36
1732003613.529393,0,turbine 9,12.25,101601.25,6.13,1899.43
1732003613.529393,0,turbine 10,12.35,101578.99,6.33,1846.13
1732003613.529393,0,turbine 11,12.41,101529.36,5.97,1849.42
1732003613.529393,0,turbine 12,12.84,101586.82,6.22,1698.69
1732003613.529393,0,turbine 13,12.51,101591.21,6.1,1916.98
1732003613.529393,0,turbine 14,12.84,101591.76,6.31,1891.21
1732003613.529393,0,turbine 15,13.15,101554.5,6.48,1706.46
1732003613.529393,0,turbine 16,12.99,101592.59,6.14,1829.21
1732003613.529393,0,turbine 17,12.72,101577.95,6.36,1864.67
1732003613.529393,0,turbine 18,12.74,101535.72,6.09,1745.47
1732003613.529393,0,turbine 19,13.15,101589.52,6.48,1675.05
1732003613.529393,0,turbine 20,12.64,101565.47,5.98,1760.92
1732003613.529393,0,turbine 21,12.51,101597.57,6.39,1894.41
1732003613.529393,0,turbine 22,12.72,101553.19,5.92,1670.88
1732003613.529393,0,turbine 23,12.63,101617.48,6.44,1901.66
1732003613.529393,0,turbine 24,12.43,101592.34,6.14,1823.26
1732003613.529393,0,turbine 25,12.4,101537.95,6.49,1719.09
1732003613.529393,0,turbine 26,13.02,101603.02,6.08,1824.25
1732003613.529393,0,turbine 27,12.4,101543.44,6.29,1679.44
1732003613.529393,0,turbine 28,12.58,101520.02,6.48,1667.94
1732003613.529393,0,turbine 29,12.49,101589.17,6.22,1761.01
1732003613.529393,0,turbine 30,12.33,101602.31,6.28,1847.21
1732003618.904387,0,turbine 1,12.86,101569.66,6.11,1732.96
1732003618.904387,0,turbine 2,12.36,101576.86,6.08,1764.06
1732003618.904387,0,turbine 3,12.44,101584.36,5.97,1703.54
1732003618.904387,0,turbine 4,12.35,101613.23,6.49,1842.33
1732003618.904387,0,turbine 5,12.29,101619.22,6.39,1789.62
1732003618.904387,0,turbine 6,12.76,101531.01,6.19,1756.98
1732003618.904387,0,turbine 7,13.1,101588.9,6.19,1794.99
1732003618.904387,0,turbine 8,12.95,101596.55,6.08,1882.73
1732003618.904387,0,turbine 9,13.13,101612.49,6.48,1900.93
1732003618.904387,0,turbine 10,12.43,101574.22,6.12,1831.46
1732003618.904387,0,turbine 11,12.88,101550.01,6.06,1679.34
1732003618.904387,0,turbine 12,12.92,101565.75,5.91,1848.26
1732003618.904387,0,turbine 13,12.96,101555.86,6.1,1781.77
1732003618.904387,0,turbine 14,12.57,101577.46,6.38,1753.64
1732003618.904387,0,turbine 15,12.48,101543.58,6.13,1777.34
1732003618.904387,0,turbine 16,13.09,101529.71,6.24,1704.86
1732003618.904387,0,turbine 17,12.66,101618.55,5.95,1684.88
1732003618.904387,0,turbine 18,12.69,101520.97,5.91,1773.07
1732003618.904387,0,turbine 19,12.58,101535.95,6.13,1914.81
1732003618.904387,0,turbine 20,12.93,101531.18,5.97,1738.7
1732003618.904387,0,turbine 21,12.97,101573.63,6.32,1707.67
1732003618.904387,0,turbine 22,12.53,101558.55,6.16,1768.24
1732003618.904387,0,turbine 23,12.68,101618.51,6.06,1683.84
1732003618.904387,0,turbine 24,12.82,101529.61,6.49,1776.49
1732003618.904387,0,turbine 25,12.81,101605.54,6.33,1719.78
1732003618.904387,0,turbine 26,13.08,101547.23,5.94,1914.68
1732003618.904387,0,turbine 27,12.63,101569.58,6.32,1852.03
1732003618.904387,0,turbine 28,12.72,101525.97,6.38,1699.4
1732003618.904387,0,turbine 29,12.36,101616.12,6.02,1869.36
1732003618.904387,0,turbine 30,12.83,101556.07,6.25,1912.29
1732003624.2676032,0,turbine 1,12.4,101529.34,6.24,1808.52
1732003624.2676032,0,turbine 2,12.83,101594.13,6.15,1769.28
1732003624.2676032,0,turbine 3,13.02,101520.94,6.49,1828.16
1732003624.2676032,0,turbine 4,13.04,101555.55,6.48,1767.8
1732003624.2676032,0,turbine 5,12.4,101619.8,6.48,1818.17
1732003624.2676032,0,turbine 6,12.78,101551.51,5.97,1891.1
1732003624.2676032,0,turbine 7,13.03,101527.69,6.44,1727.9
1732003624.2676032,0,turbine 8,12.33,101576.22,6.23,1739.19
1732003624.2676032,0,turbine 9,12.75,101563.46,6.06,1891.64
1732003624.2676032,0,turbine 10,12.92,101552.59,6.03,1799.61
1732003624.2676032,0,turbine 11,12.86,101564.32,6.18,1838.49
1732003624.2676032,0,turbine 12,12.85,101539.78,6.25,1883.69
1732003624.2676032,0,turbine 13,12.26,101559.5,6.1,1737.58
1732003624.2676032,0,turbine 14,12.65,101548.7,6.0,1693.81
1732003624.2676032,0,turbine 15,12.3,101565.62,6.2,1773.35
1732003624.2676032,0,turbine 16,13.01,101520.4,6.26,1913.43
1732003624.2676032,0,turbine 17,12.82,101520.59,6.3,1685.28
1732003624.2676032,0,turbine 18,12.76,101582.26,6.22,1832.19
1732003624.2676032,0,turbine 19,13.1,101547.22,6.31,1733.72
1732003624.2676032,0,turbine 20,12.68,101613.96,6.0,1762.48
1732003624.2676032,0,turbine 21,12.57,101566.05,6.44,1762.47
1732003624.2676032,0,turbine 22,13.15,101543.43,6.39,1679.55
1732003624.2676032,0,turbine 23,13.02,101572.07,6.3,1673.57
1732003624.2676032,0,turbine 24,12.57,101544.44,5.97,1698.21
1732003624.2676032,0,turbine 25,12.96,101570.49,6.24,1801.72
1732003624.2676032,0,turbine 26,13.01,101549.92,6.04,1905.16
1732003624.2676032,0,turbine 27,12.6,101615.69,6.21,1744.83
1732003624.2676032,0,turbine 28,12.6,101590.84,6.03,1762.37
1732003624.2676032,0,turbine 29,12.8,101527.88,5.91,1686.27
1732003624.2676032,0,turbine 30,13.09,101601.51,5.9,1730.68
1732003629.65393,0,turbine 1,12.27,101563.82,6.43,1820.29
1732003629.65393,0,turbine 2,12.43,101537.74,6.48,1713.95
1732003629.65393,0,turbine 3,12.55,101603.24,5.97,1818.41
1732003629.65393,0,turbine 4,12.69,101606.56,6.09,1664.87
1732003629.65393,0,turbine 5,12.21,101609.84,6.38,1914.55
1732003629.65393,0,turbine 6,12.67,101618.23,5.9,1685.03
1732003629.65393,0,turbine 7,12.41,101569.5,6.19,1855.14
1732003629.65393,0,turbine 8,12.65,101545.29,6.39,1730.75
1732003629.65393,0,turbine 9,13.08,101588.86,6.08,1700.36
1732003629.65393,0,turbine 10,12.69,101529.14,6.31,1873.21
1732003629.65393,0,turbine 11,12.44,101603.52,6.06,1812.15
1732003629.65393,0,turbine 12,12.9,101528.58,6.38,1709.28
1732003629.65393,0,turbine 13,12.33,101587.39,6.22,1749.52
1732003629.65393,0,turbine 14,13.12,101521.23,6.3,1786.44
1732003629.65393,0,turbine 15,12.72,101561.67,6.3,1841.62
1732003629.65393,0,turbine 16,13.04,101544.57,6.14,1669.55
1732003629.65393,0,turbine 17,12.34,101557.53,6.35,1871.74
1732003629.65393,0,turbine 18,12.2,101538.17,6.37,1810.46
1732003629.65393,0,turbine 19,12.94,101574.08,6.16,1810.39
1732003629.65393,0,turbine 20,12.9,101596.51,6.36,1796.22
1732003629.65393,0,turbine 21,12.65,101580.97,6.25,1840.39
1732003629.65393,0,turbine 22,13.11,101576.37,6.17,1800.51
1732003629.65393,0,turbine 23,13.11,101547.01,6.4,1833.03
1732003629.65393,0,turbine 24,12.97,101551.34,6.1,1684.51
1732003629.65393,0,turbine 25,12.73,101609.47,6.43,1804.38
1732003629.65393,0,turbine 26,13.1,101552.8,6.22,1820.5
1732003629.65393,0,turbine 27,12.31,101563.95,6.17,1717.51
1732003629.65393,0,turbine 28,12.71,101547.81,6.42,1759.58
1732003629.65393,0,turbine 29,12.74,101527.89,6.19,1850.77
1732003629.65393,0,turbine 30,12.76,101602.57,6.45,1767.78
1732003635.0359452,0,turbine 1,12.51,101545.65,6.26,1800.41
1732003635.0359452,0,turbine 2,12.23,101604.39,6.27,1884.11
1732003635.0359452,0,turbine 3,13.05,101579.35,6.26,1917.58
1732003635.0359452,0,turbine 4,12.31,101560.65,6.38,1699.22
1732003635.0359452,0,turbine 5,13.11,101565.35,6.43,1661.79
1732003635.0359452,0,turbine 6,12.62,101604.04,6.18,1698.1
1732003635.0359452,0,turbine 7,12.24,101536.81,6.09,1731.36
1732003635.0359452,0,turbine 8,12.5,101581.22,6.07,1893.49
1732003635.0359452,0,turbine 9,13.07,101545.29,6.42,1903.14
1732003635.0359452,0,turbine 10,12.67,101535.99,6.32,1908.05
1732003635.0359452,0,turbine 11,12.97,101579.24,6.4,1713.28
1732003635.0359452,0,turbine 12,12.2,101532.42,6.4,1856.62
1732003635.0359452,0,turbine 13,12.51,101555.36,6.01,1858.37
1732003635.0359452,0,turbine 14,12.31,101542.82,6.31,1909.6
1732003635.0359452,0,turbine 15,12.3,101599.7,6.26,1770.02
1732003635.0359452,0,turbine 16,12.7,101607.77,6.38,1787.06
1732003635.0359452,0,turbine 17,12.67,101522.87,6.36,1762.73
1732003635.0359452,0,turbine 18,12.75,101535.16,6.26,1873.12
1732003635.0359452,0,turbine 19,12.32,101606.24,6.04,1781.16
1732003635.0359452,0,turbine 20,13.01,101534.01,6.29,1798.13
1732003635.0359452,0,turbine 21,12.79,101541.21,6.27,1761.12
1732003635.0359452,0,turbine 22,12.7,101591.56,6.39,1846.51
1732003635.0359452,0,turbine 23,12.86,101619.84,6.04,1803.69
1732003635.0359452,0,turbine 24,12.48,101545.92,6.34,1823.96
1732003635.0359452,0,turbine 25,12.22,101550.93,6.15,1897.4
1732003635.0359452,0,turbine 26,12.51,101611.37,6.26,1837.63
1732003635.0359452,0,turbine 27,12.24,101602.24,6.15,1749.59
1732003635.0359452,0,turbine 28,12.82,101585.22,6.22,1679.55
1732003635.0359452,0,turbine 29,12.68,101526.96,6.17,1864.24
1732003635.0359452,0,turbine 30,12.71,101610.25,5.95,1856.95
1732003640.3848228,0,turbine 1,12.81,101575.33,5.9,1837.2
1732003640.3848228,0,turbine 2,12.51,101569.94,6.17,1701.39
1732003640.3848228,0,turbine 3,12.67,101561.77,6.3,1726.88
1732003640.3848228,0,turbine 4,12.74,101586.23,6.47,1772.31
1732003640.3848228,0,turbine 5,12.86,101612.59,6.04,1767.72
1732003640.3848228,0,turbine 6,12.25,101548.76,6.26,1678.89
1732003640.3848228,0,turbine 7,12.54,101554.18,6.32,1827.89
1732003640.3848228,0,turbine 8,12.51,101543.87,6.4,1852.64
1732003640.3848228,0,turbine 9,13.18,101614.32,6.25,1833.66
1732003640.3848228,0,turbine 10,12.81,101613.6,6.0,1786.32
1732003640.3848228,0,turbine 11,12.21,101580.36,5.92,1737.08
1732003640.3848228,0,turbine 12,12.26,101541.66,6.05,1672.96
1732003640.3848228,0,turbine 13,12.95,101612.98,6.15,1910.55
1732003640.3848228,0,turbine 14,12.96,101616.39,5.94,1707.5
1732003640.3848228,0,turbine 15,12.34,101596.02,6.34,1778.22
1732003640.3848228,0,turbine 16,12.56,101616.34,5.98,1787.84
1732003640.3848228,0,turbine 17,12.73,101524.79,6.24,1719.18
1732003640.3848228,0,turbine 18,13.18,101598.68,5.92,1824.2
1732003640.3848228,0,turbine 19,12.29,101554.84,6.41,1813.29
1732003640.3848228,0,turbine 20,13.09,101533.65,6.42,1795.22
1732003640.3848228,0,turbine 21,12.32,101529.97,6.07,1773.47
1732003640.3848228,0,turbine 22,12.45,101579.01,6.36,1759.95
1732003640.3848228,0,turbine 23,12.91,101585.82,5.98,1673.47
1732003640.3848228,0,turbine 24,12.93,101577.59,6.15,1796.71
1732003640.3848228,0,turbine 25,12.55,101565.09,6.15,1844.42
1732003640.3848228,0,turbine 26,12.93,101524.44,6.09,1723.41
1732003640.3848228,0,turbine 27,13.13,101605.28,5.91,1759.91
1732003640.3848228,0,turbine 28,12.78,101616.66,5.99,1672.2
1732003640.3848228,0,turbine 29,12.27,101586.1,6.25,1808.29
1732003640.3848228,0,turbine 30,13.19,101564.86,6.16,1681.27
1732003651.2124918,0,turbine 1,12.68,101526.33,6.24,1679.78
1732003651.2124918,0,turbine 2,13.11,101593.42,6.49,1785.52
1732003651.2124918,0,turbine 3,12.27,101596.04,5.9,1710.88
1732003651.2124918,0,turbine 4,12.47,101533.31,6.25,1692.19
1732003651.2124918,0,turbine 5,12.78,101589.48,6.3,1664.94
1732003651.2124918,0,turbine 6,12.59,101603.65,6.08,1702.55
1732003651.2124918,0,turbine 7,12.9,101539.19,6.09,1868.38
1732003651.2124918,0,turbine 8,13.11,101577.02,6.47,1724.23
1732003651.2124918,0,turbine 9,12.76,101593.08,6.03,1663.2
1732003651.2124918,0,turbine 10,12.64,101542.47,6.4,1870.16
1732003651.2124918,0,turbine 11,13.01,101563.24,5.91,1679.29
1732003651.2124918,0,turbine 12,13.19,101551.51,5.97,1808.32
1732003651.2124918,0,turbine 13,12.64,101595.04,5.92,1769.97
1732003651.2124918,0,turbine 14,12.74,101616.87,6.25,1777.98
1732003651.2124918,0,turbine 15,12.85,101571.62,6.27,1883.59
1732003651.2124918,0,turbine 16,12.53,101616.85,6.0,1686.08
1732003651.2124918,0,turbine 17,12.45,101613.4,6.11,1902.33
1732003651.2124918,0,turbine 18,12.62,101559.65,5.91,1832.0
1732003651.2124918,0,turbine 19,12.65,101548.59,6.32,1863.67
1732003651.2124918,0,turbine 20,13.17,101542.58,6.12,1749.36
1732003651.2124918,0,turbine 21,12.27,101532.03,6.37,1773.43
1732003651.2124918,0,turbine 22,12.3,101609.72,6.06,1817.73
1732003651.2124918,0,turbine 23,12.59,101553.4,6.43,1714.23
1732003651.2124918,0,turbine 24,12.23,101592.93,6.2,1822.86
1732003651.2124918,0,turbine 25,13.19,101606.21,6.25,1919.59
1732003651.2124918,0,turbine 26,13.07,101582.05,6.04,1887.15
1732003651.2124918,0,turbine 27,12.64,101573.2,6.41,1881.28
1732003651.2124918,0,turbine 28,13.03,101588.11,5.97,1715.67
1732003651.2124918,0,turbine 29,12.87,101526.8,6.07,1803.79
1732003651.2124918,0,turbine 30,12.95,101532.46,6.34,1889.42
1732003656.5948951,0,turbine 1,12.95,101611.62,5.98,1915.54
1732003656.5948951,0,turbine 2,12.64,101558.22,6.06,1837.17
1732003656.5948951,0,turbine 3,12.34,101533.3,6.18,1787.49
1732003656.5948951,0,turbine 4,12.21,101616.39,5.96,1673.26
1732003656.5948951,0,turbine 5,13.13,101619.12,6.14,1671.95
1732003656.5948951,0,turbine 6,12.97,101601.75,6.22,1684.64
1732003656.5948951,0,turbine 7,12.87,101569.63,6.02,1713.64
1732003656.5948951,0,turbine 8,12.28,101554.88,6.46,1675.65
1732003656.5948951,0,turbine 9,12.42,101569.26,6.46,1829.45
1732003656.5948951,0,turbine 10,13.18,101541.31,6.43,1813.73
1732003656.5948951,0,turbine 11,12.68,101588.38,6.26,1774.72
1732003656.5948951,0,turbine 12,12.62,101550.83,6.0,1764.6
1732003656.5948951,0,turbine 13,12.24,101580.22,6.15,1671.41
1732003656.5948951,0,turbine 14,12.3,101604.89,6.25,1908.94
1732003656.5948951,0,turbine 15,12.48,101586.19,6.44,1700.37
1732003656.5948951,0,turbine 16,12.41,101527.03,6.44,1907.21
1732003656.5948951,0,turbine 17,12.36,101614.37,6.41,1837.03
1732003656.5948951,0,turbine 18,12.9,101612.85,6.14,1874.13
1732003656.5948951,0,turbine 19,13.12,101612.04,6.33,1821.38
1732003656.5948951,0,turbine 20,12.31,101558.9,5.91,1682.79
1732003656.5948951,0,turbine 21,13.07,101527.74,6.38,1809.43
1732003656.5948951,0,turbine 22,13.01,101552.06,6.48,1689.34
1732003656.5948951,0,turbine 23,12.25,101602.47,6.25,1808.38
1732003656.5948951,0,turbine 24,12.32,101561.2,5.95,1742.81
1732003656.5948951,0,turbine 25,12.49,101536.41,6.39,1688.83
1732003656.5948951,0,turbine 26,12.23,101578.99,6.01,1875.59
1732003656.5948951,0,turbine 27,12.51,101554.31,5.94,1741.77
1732003656.5948951,0,turbine 28,12.21,101606.6,6.46,1813.87
1732003656.5948951,0,turbine 29,12.38,101568.44,6.36,1672.04
1732003656.5948951,0,turbine 30,12.84,101545.74,6.49,1672.55
1732003667.5550163,0,turbine 1,12.86,101542.13,5.95,1704.5
1732003667.5550163,0,turbine 2,12.83,101574.32,6.22,1850.71
1732003667.5550163,0,turbine 3,12.82,101556.52,6.1,1895.69
1732003667.5550163,0,turbine 4,12.99,101551.39,5.98,1692.91
1732003667.5550163,0,turbine 5,12.88,101526.39,6.02,1804.38
1732003667.5550163,0,turbine 6,13.13,101614.17,6.19,1738.56
1732003667.5550163,0,turbine 7,12.83,101586.24,6.32,1817.21
1732003667.5550163,0,turbine 8,13.07,101572.51,6.0,1848.53
1732003667.5550163,0,turbine 9,12.59,101615.95,6.41,1866.94
1732003667.5550163,0,turbine 10,12.84,101604.91,6.07,1754.84
1732003667.5550163,0,turbine 11,12.7,101588.07,6.18,1856.97
1732003667.5550163,0,turbine 12,12.54,101603.05,5.91,1677.7
1732003667.5550163,0,turbine 13,12.86,101526.9,6.03,1866.37
1732003667.5550163,0,turbine 14,12.69,101524.62,6.35,1729.98
1732003667.5550163,0,turbine 15,12.91,101575.94,6.45,1746.58
1732003667.5550163,0,turbine 16,12.82,101612.49,6.11,1799.66
1732003667.5550163,0,turbine 17,13.18,101528.33,6.16,1847.56
1732003667.5550163,0,turbine 18,12.84,101611.02,6.18,1716.09
1732003667.5550163,0,turbine 19,12.95,101619.46,6.42,1832.86
1732003667.5550163,0,turbine 20,13.02,101563.77,6.46,1819.62
1732003667.5550163,0,turbine 21,12.33,101521.92,6.47,1706.49
1732003667.5550163,0,turbine 22,12.94,101592.29,6.06,1887.37
1732003667.5550163,0,turbine 23,12.91,101545.62,6.47,1690.54
1732003667.5550163,0,turbine 24,13.14,101612.39,6.36,1903.17
1732003667.5550163,0,turbine 25,12.99,101528.22,6.29,1780.67
1732003667.5550163,0,turbine 26,12.97,101584.73,6.43,1908.63
1732003667.5550163,0,turbine 27,12.61,101579.3,6.22,1786.8
1732003667.5550163,0,turbine 28,12.47,101588.52,6.22,1752.29
1732003667.5550163,0,turbine 29,12.81,101611.32,6.33,1679.83
1732003667.5550163,0,turbine 30,12.73,101552.45,6.09,1689.74
1732003673.137731,0,turbine 1,12.28,101558.92,5.98,1882.2
1732003673.137731,0,turbine 2,13.12,101553.32,6.19,1736.32
1732003673.137731,0,turbine 3,12.56,101556.94,6.09,1673.84
1732003673.137731,0,turbine 4,12.64,101606.9,6.43,1727.88
1732003673.137731,0,turbine 5,12.48,101522.45,6.17,1698.96
1732003673.137731,0,turbine 6,12.27,101537.56,6.11,1663.43
1732003673.137731,0,turbine 7,12.54,101539.09,6.03,1765.28
1732003673.137731,0,turbine 8,12.37,101537.91,6.15,1748.38
1732003673.137731,0,turbine 9,13.13,101617.69,5.93,1902.27
1732003673.137731,0,turbine 10,12.71,101568.9,6.02,1688.99
1732003673.137731,0,turbine 11,12.78,101536.56,6.14,1873.99
1732003673.137731,0,turbine 12,12.89,101541.1,6.05,1857.68
1732003673.137731,0,turbine 13,12.71,101532.15,6.01,1804.84
1732003673.137731,0,turbine 14,12.62,101535.7,6.18,1802.51
1732003673.137731,0,turbine 15,12.92,101546.54,5.91,1674.7
1732003673.137731,0,turbine 16,12.79,101537.08,5.95,1731.93
1732003673.137731,0,turbine 17,12.46,101603.95,6.4,1863.35
1732003673.137731,0,turbine 18,12.69,101568.3,6.23,1802.49
1732003673.137731,0,turbine 19,12.86,101523.16,6.25,1706.43
1732003673.137731,0,turbine 20,12.3,101543.72,6.15,1662.55
1732003673.137731,0,turbine 21,12.97,101576.74,6.13,1799.22
1732003673.137731,0,turbine 22,12.4,101573.11,6.49,1693.79
1732003673.137731,0,turbine 23,12.52,101522.44,6.41,1733.2
1732003673.137731,0,turbine 24,12.45,101549.34,6.15,1682.79
1732003673.137731,0,turbine 25,12.7,101613.41,6.44,1724.46
1732003673.137731,0,turbine 26,12.3,101575.4,6.15,1857.14
1732003673.137731,0,turbine 27,12.99,101548.68,6.4,1823.7
1732003673.137731,0,turbine 28,12.86,101554.6,6.49,1729.39
1732003673.137731,0,turbine 29,12.55,101553.51,6.18,1753.79
1732003673.137731,0,turbine 30,12.55,101542.47,5.96,1837.31
1732003684.650394,0,turbine 1,12.64,101572.61,6.35,1686.33
1732003684.650394,0,turbine 2,12.32,101584.01,5.97,1673.12
1732003684.650394,0,turbine 3,12.51,101615.1,6.41,1767.99
1732003684.650394,0,turbine 4,12.85,101520.05,6.22,1920.74
1732003684.650394,0,turbine 5,12.74,101566.72,6.44,1768.42
1732003684.650394,0,turbine 6,13.01,101538.49,5.93,1739.44
1732003684.650394,0,turbine 7,13.15,101550.35,6.13,1765.88
1732003684.650394,0,turbine 8,12.59,101536.43,6.24,1877.24
1732003684.650394,0,turbine 9,12.96,101565.87,6.22,1717.91
1732003684.650394,0,turbine 10,12.78,101540.09,6.33,1774.56
1732003684.650394,0,turbine 11,12.71,101562.3,6.37,1667.36
1732003684.650394,0,turbine 12,12.38,101587.59,6.32,1707.27
1732003684.650394,0,turbine 13,12.28,101521.17,6.12,1812.74
1732003684.650394,0,turbine 14,12.91,101585.35,6.28,1855.58
1732003684.650394,0,turbine 15,12.91,101568.53,6.43,1804.03
1732003684.650394,0,turbine 16,12.94,101594.28,6.11,1833.7
1732003684.650394,0,turbine 17,12.94,101550.88,6.19,1882.83
1732003684.650394,0,turbine 18,12.33,101554.59,5.95,1667.22
1732003684.650394,0,turbine 19,13.14,101569.39,6.18,1740.23
1732003684.650394,0,turbine 20,12.84,101559.6,6.05,1725.45
1732003684.650394,0,turbine 21,12.98,101604.21,6.08,1708.84
1732003684.650394,0,turbine 22,12.41,101538.56,6.41,1918.54
1732003684.650394,0,turbine 23,12.75,101548.33,6.24,1743.31
1732003684.650394,0,turbine 24,13.1,101545.84,6.45,1708.48
1732003684.650394,0,turbine 25,12.98,101557.25,6.24,1664.81
1732003684.650394,0,turbine 26,12.62,101544.84,6.48,1686.04
1732003684.650394,0,turbine 27,13.1,101545.48,6.08,1920.93
1732003684.650394,0,turbine 28,12.29,101592.82,6.24,1692.6
1732003684.650394,0,turbine 29,12.98,101571.54,6.09,1702.54
1732003684.650394,0,turbine 30,12.43,101549.36,6.45,1914.65
1732003678.9508731,0,turbine 1,13.14,101585.87,6.4,1752.95
1732003678.9508731,0,turbine 2,13.16,101573.28,6.07,1725.17
1732003678.9508731,0,turbine 3,12.99,101585.96,6.03,1840.36
1732003678.9508731,0,turbine 4,12.32,101590.3,6.31,1695.76
1732003678.9508731,0,turbine 5,12.35,101542.75,6.23,1868.31
1732003678.9508731,0,turbine 6,12.41,101617.67,6.42,1884.06
1732003678.9508731,0,turbine 7,13.1,101588.23,6.32,1709.29
1732003678.9508731,0,turbine 8,12.61,101525.41,6.18,1676.3
1732003678.9508731,0,turbine 9,12.94,101535.92,6.23,1723.27
1732003678.9508731,0,turbine 10,12.31,101535.89,6.28,1782.85
1732003678.9508731,0,turbine 11,12.27,101554.51,6.3,1864.06
1732003678.9508731,0,turbine 12,12.41,101520.9,6.47,1727.82
1732003678.9508731,0,turbine 13,12.74,101547.13,6.17,1706.28
1732003678.9508731,0,turbine 14,12.72,101599.74,6.44,1723.68
1732003678.9508731,0,turbine 15,12.88,101540.2,6.04,1814.04
1732003678.9508731,0,turbine 16,12.32,101523.28,6.07,1882.54
1732003678.9508731,0,turbine 17,12.37,101575.64,6.46,1781.38
1732003678.9508731,0,turbine 18,12.85,101587.71,6.34,1687.52
1732003678.9508731,0,turbine 19,12.34,101607.61,6.01,1694.66
1732003678.9508731,0,turbine 20,12.57,101593.2,6.29,1822.85
1732003678.9508731,0,turbine 21,12.52,101565.08,5.94,1770.15
1732003678.9508731,0,turbine 22,12.38,101579.75,6.24,1810.41
1732003678.9508731,0,turbine 23,12.76,101558.42,6.13,1911.74
1732003678.9508731,0,turbine 24,13.09,101528.18,6.09,1729.39
1732003678.9508731,0,turbine 25,13.18,101594.8,6.29,1889.78
1732003678.9508731,0,turbine 26,12.54,101541.3,6.06,1818.04
1732003678.9508731,0,turbine 27,12.38,101601.35,6.12,1856.56
1732003678.9508731,0,turbine 28,12.93,101565.71,6.35,1718.44
1732003678.9508731,0,turbine 29,13.07,101564.22,6.16,1832.19
1732003678.9508731,0,turbine 30,12.81,101599.29,6.39,1891.37
1732003690.285102,0,turbine 1,12.48,101575.88,6.36,1922.36
1732003690.285102,0,turbine 2,13.06,101568.04,6.08,1758.05
1732003690.285102,0,turbine 3,12.63,101551.31,6.37,1710.28
1732003690.285102,0,turbine 4,12.23,101595.1,6.02,1825.92
1732003690.285102,0,turbine 5,12.53,101579.49,6.43,1826.52
1732003690.285102,0,turbine 6,12.73,101619.91,6.22,1803.54
1732003690.285102,0,turbine 7,13.05,101543.96,6.02,1914.13
1732003690.285102,0,turbine 8,12.53,101609.93,6.35,1786.37
1732003690.285102,0,turbine 9,12.81,101550.26,5.94,1852.11
1732003690.285102,0,turbine 10,12.87,101525.39,6.28,1694.16
1732003690.285102,0,turbine 11,12.64,101531.8,5.9,1713.55
1732003690.285102,0,turbine 12,13.08,101590.08,6.4,1723.74
1732003690.285102,0,turbine 13,12.88,101569.06,6.24,1833.02
1732003690.285102,0,turbine 14,12.41,101613.92,6.27,1841.83
1732003690.285102,0,turbine 15,13.09,101604.79,6.03,1669.05
1732003690.285102,0,turbine 16,12.73,101565.56,6.05,1719.35
1732003690.285102,0,turbine 17,12.98,101617.18,6.33,1789.42
1732003690.285102,0,turbine 18,13.09,101549.19,5.92,1837.85
1732003690.285102,0,turbine 19,12.21,101613.0,6.41,1700.55
1732003690.285102,0,turbine 20,12.88,101593.8,6.38,1858.13
1732003690.285102,0,turbine 21,12.4,101555.93,6.34,1752.68
1732003690.285102,0,turbine 22,12.93,101590.03,6.23,1823.68
1732003690.285102,0,turbine 23,12.34,101522.46,6.2,1841.87
1732003690.285102,0,turbine 24,12.5,101544.83,6.02,1819.61
1732003690.285102,0,turbine 25,12.39,101522.79,6.38,1850.3
1732003690.285102,0,turbine 26,12.82,101589.69,6.05,1682.93
1732003690.285102,0,turbine 27,12.97,101596.59,6.24,1793.13
1732003690.285102,0,turbine 28,12.51,101555.49,6.08,1775.07
1732003690.285102,0,turbine 29,12.58,101601.44,6.26,1876.26
1732003690.285102,0,turbine 30,12.69,101586.96,6.06,1708.75
1732003696.2787857,0,turbine 1,12.86,101619.16,6.26,1852.67
1732003696.2787857,0,turbine 2,12.41,101569.64,5.92,1800.36
1732003696.2787857,0,turbine 3,12.71,101531.39,6.23,1709.24
1732003696.2787857,0,turbine 4,13.13,101560.67,6.13,1831.05
1732003696.2787857,0,turbine 5,12.94,101537.0,6.08,1827.57
1732003696.2787857,0,turbine 6,12.91,101606.36,6.28,1668.97
1732003696.2787857,0,turbine 7,12.57,101568.44,5.91,1786.01
1732003696.2787857,0,turbine 8,12.95,101527.93,6.45,1688.4
1732003696.2787857,0,turbine 9,12.97,101543.91,5.98,1755.42
1732003696.2787857,0,turbine 10,12.83,101619.42,6.19,1713.08
1732003696.2787857,0,turbine 11,12.86,101525.69,6.08,1674.83
1732003696.2787857,0,turbine 12,12.34,101521.33,5.91,1812.81
1732003696.2787857,0,turbine 13,12.63,101548.5,6.03,1663.91
1732003696.2787857,0,turbine 14,12.22,101588.81,6.02,1791.52
1732003696.2787857,0,turbine 15,12.87,101590.8,6.25,1731.34
1732003696.2787857,0,turbine 16,12.59,101604.17,6.01,1750.59
1732003696.2787857,0,turbine 17,12.72,101591.0,6.01,1736.81
1732003696.2787857,0,turbine 18,12.31,101574.05,5.92,1899.68
1732003696.2787857,0,turbine 19,12.82,101548.31,6.18,1678.97
1732003696.2787857,0,turbine 20,13.17,101591.41,6.0,1673.79
1732003696.2787857,0,turbine 21,12.63,101545.98,6.48,1857.0
1732003696.2787857,0,turbine 22,13.02,101536.7,6.38,1681.07
1732003696.2787857,0,turbine 23,12.56,101531.56,6.1,1737.02
1732003696.2787857,0,turbine 24,13.06,101548.7,6.42,1672.76
1732003696.2787857,0,turbine 25,12.37,101559.31,5.95,1921.31
1732003696.2787857,0,turbine 26,12.62,101555.77,6.29,1791.91
1732003696.2787857,0,turbine 27,12.65,101589.47,6.1,1818.52
1732003696.2787857,0,turbine 28,12.81,101546.31,6.09,1665.26
1732003696.2787857,0,turbine 29,12.58,101548.72,6.41,1737.82
1732003696.2787857,0,turbine 30,12.95,101558.85,6.08,1911.91
1732003701.881815,0,turbine 1,12.57,101570.23,6.42,1910.77
1732003701.881815,0,turbine 2,12.87,101543.82,5.91,1792.7
1732003701.881815,0,turbine 3,12.73,101539.92,6.29,1792.72
1732003701.881815,0,turbine 4,12.59,101529.74,6.49,1667.03
1732003701.881815,0,turbine 5,12.8,101566.07,6.12,1914.73
1732003701.881815,0,turbine 6,12.55,101596.62,6.22,1739.23
1732003701.881815,0,turbine 7,12.96,101591.7,6.21,1707.44
1732003701.881815,0,turbine 8,12.9,101593.34,6.02,1685.96
1732003701.881815,0,turbine 9,12.78,101533.11,6.09,1856.53
1732003701.881815,0,turbine 10,12.22,101564.18,6.13,1673.91
1732003701.881815,0,turbine 11,12.29,101523.9,6.38,1866.98
1732003701.881815,0,turbine 12,13.19,101551.35,6.08,1708.92
1732003701.881815,0,turbine 13,12.55,101605.78,6.23,1716.59
1732003701.881815,0,turbine 14,12.4,101596.46,6.46,1851.71
1732003701.881815,0,turbine 15,12.62,101527.94,6.22,1717.42
1732003701.881815,0,turbine 16,12.9,101526.86,5.95,1804.56
1732003701.881815,0,turbine 17,12.43,101592.88,6.14,1711.89
1732003701.881815,0,turbine 18,12.27,101602.5,6.1,1866.05
1732003701.881815,0,turbine 19,12.69,101559.76,6.16,1751.38
1732003701.881815,0,turbine 20,13.12,101589.7,6.32,1892.15
1732003701.881815,0,turbine 21,12.9,101563.88,5.94,1735.31
1732003701.881815,0,turbine 22,12.86,101544.8,6.2,1818.75
1732003701.881815,0,turbine 23,12.5,101595.39,6.2,1873.31
1732003701.881815,0,turbine 24,12.79,101567.05,6.12,1694.28
1732003701.881815,0,turbine 25,12.42,101584.08,6.2,1796.72
1732003701.881815,0,turbine 26,12.42,101605.01,5.97,1862.7
1732003701.881815,0,turbine 27,12.5,101576.58,6.08,1810.64
1732003701.881815,0,turbine 28,12.69,101582.12,6.35,1681.79
1732003701.881815,0,turbine 29,13.15,101604.74,6.41,1814.95
1732003701.881815,0,turbine 30,12.22,101568.43,6.22,1702.65
1732003707.345462,0,turbine 1,12.93,101595.01,6.35,1856.62
1732003707.345462,0,turbine 2,12.82,101523.7,6.11,1664.69
1732003707.345462,0,turbine 3,12.63,101548.41,6.45,1847.44
1732003707.345462,0,turbine 4,12.96,101589.6,6.26,1898.79
1732003707.345462,0,turbine 5,13.15,101550.41,6.41,1743.94
1732003707.345462,0,turbine 6,13.13,101576.34,6.26,1796.09
1732003707.345462,0,turbine 7,12.49,101555.75,6.33,1837.8
1732003707.345462,0,turbine 8,12.47,101595.35,6.16,1735.28
1732003707.345462,0,turbine 9,12.66,101527.29,5.94,1692.35
1732003707.345462,0,turbine 10,12.53,101550.99,6.12,1881.06
1732003707.345462,0,turbine 11,12.62,101607.91,6.25,1676.9
1732003707.345462,0,turbine 12,12.93,101528.26,6.41,1674.75
1732003707.345462,0,turbine 13,12.78,101589.38,6.04,1805.49
1732003707.345462,0,turbine 14,12.92,101585.5,6.23,1677.36
1732003707.345462,0,turbine 15,13.12,101619.53,6.41,1713.62
1732003707.345462,0,turbine 16,12.65,101588.22,6.02,1697.7
1732003707.345462,0,turbine 17,12.65,101551.23,6.07,1672.29
1732003707.345462,0,turbine 18,12.41,101565.22,6.12,1744.94
1732003707.345462,0,turbine 19,12.66,101543.55,5.99,1714.06
1732003707.345462,0,turbine 20,12.29,101533.24,6.17,1759.47
1732003707.345462,0,turbine 21,12.8,101579.42,6.46,1889.05
1732003707.345462,0,turbine 22,12.64,101557.25,5.98,1871.41
1732003707.345462,0,turbine 23,13.11,101592.1,6.15,1860.69
1732003707.345462,0,turbine 24,12.79,101546.18,6.3,1891.58
1732003707.345462,0,turbine 25,12.88,101580.75,6.36,1739.53
1732003707.345462,0,turbine 26,13.07,101588.07,6.05,1894.72
1732003707.345462,0,turbine 27,13.11,101527.84,6.37,1816.89
1732003707.345462,0,turbine 28,12.3,101615.22,6.05,1687.72
1732003707.345462,0,turbine 29,12.25,101611.31,6.15,1877.29
1732003707.345462,0,turbine 30,13.2,101541.6,6.31,1799.95
1732003712.8654482,0,turbine 1,12.49,101538.94,6.39,1856.15
1732003712.8654482,0,turbine 2,12.98,101548.07,6.02,1811.0
1732003712.8654482,0,turbine 3,12.3,101530.45,6.25,1825.73
1732003712.8654482,0,turbine 4,12.32,101548.15,6.34,1829.02
1732003712.8654482,0,turbine 5,12.44,101589.87,6.18,1674.06
1732003712.8654482,0,turbine 6,12.95,101544.22,6.06,1761.95
1732003712.8654482,0,turbine 7,12.5,101608.45,6.44,1855.92
1732003712.8654482,0,turbine 8,12.3,101571.98,5.99,1701.69
1732003712.8654482,0,turbine 9,12.97,101565.12,6.3,1855.15
1732003712.8654482,0,turbine 10,13.06,101614.6,6.21,1741.37
1732003712.8654482,0,turbine 11,13.04,101550.22,6.17,1693.63
1732003712.8654482,0,turbine 12,13.05,101544.43,6.37,1765.74
1732003712.8654482,0,turbine 13,12.64,101524.16,6.23,1689.04
1732003712.8654482,0,turbine 14,12.79,101533.74,6.06,1903.89
1732003712.8654482,0,turbine 15,13.12,101611.25,6.13,1798.08
1732003712.8654482,0,turbine 16,12.9,101549.53,6.36,1863.42
1732003712.8654482,0,turbine 17,12.98,101565.71,6.14,1686.08
1732003712.8654482,0,turbine 18,12.52,101562.57,6.42,1860.07
1732003712.8654482,0,turbine 19,12.3,101544.44,6.44,1812.61
1732003712.8654482,0,turbine 20,12.2,101602.75,5.99,1903.75
1732003712.8654482,0,turbine 21,12.44,101554.71,6.36,1697.31
1732003712.8654482,0,turbine 22,12.38,101611.84,5.92,1745.09
1732003712.8654482,0,turbine 23,12.69,101554.18,6.42,1680.39
1732003712.8654482,0,turbine 24,13.1,101545.2,6.22,1669.8
1732003712.8654482,0,turbine 25,13.06,101540.09,6.35,1702.38
1732003712.8654482,0,turbine 26,12.67,101614.7,6.25,1857.55
1732003712.8654482,0,turbine 27,12.35,101546.38,5.95,1777.38
1732003712.8654482,0,turbine 28,13.17,101571.39,6.12,1741.0
1732003712.8654482,0,turbine 29,13.15,101550.9,6.44,1794.2
1732003712.8654482,0,turbine 30,12.2,101582.66,6.44,1875.53
1732003718.4881108,0,turbine 1,12.99,101608.08,6.22,1771.4
1732003718.4881108,0,turbine 2,12.98,101561.29,6.27,1803.03
1732003718.4881108,0,turbine 3,12.63,101606.79,6.25,1689.48
1732003718.4881108,0,turbine 4,12.82,101537.31,6.34,1732.84
1732003718.4881108,0,turbine 5,13.1,101560.48,6.41,1854.04
1732003718.4881108,0,turbine 6,12.81,101591.75,5.96,1703.94
1732003718.4881108,0,turbine 7,12.98,101588.49,6.48,1710.73
1732003718.4881108,0,turbine 8,12.42,101548.8,6.01,1781.21
1732003718.4881108,0,turbine 9,13.19,101557.0,6.25,1887.1
1732003718.4881108,0,turbine 10,13.03,101567.83,6.01,1817.78
1732003718.4881108,0,turbine 11,12.29,101521.92,6.04,1890.56
1732003718.4881108,0,turbine 12,13.19,101572.38,6.11,1873.04
1732003718.4881108,0,turbine 13,13.14,101546.51,6.06,1856.09
1732003718.4881108,0,turbine 14,13.05,101527.48,6.46,1849.2
1732003718.4881108,0,turbine 15,12.89,101521.55,6.33,1719.83
1732003718.4881108,0,turbine 16,13.1,101617.03,6.45,1816.08
1732003718.4881108,0,turbine 17,12.76,101527.56,6.47,1809.57
1732003718.4881108,0,turbine 18,12.61,101575.93,6.35,1733.43
1732003718.4881108,0,turbine 19,12.99,101616.04,6.28,1844.28
1732003718.4881108,0,turbine 20,12.59,101575.84,6.24,1843.68
1732003718.4881108,0,turbine 21,12.57,101566.63,6.24,1772.64
1732003718.4881108,0,turbine 22,12.25,101536.22,5.95,1692.69
1732003718.4881108,0,turbine 23,13.06,101597.72,6.19,1673.79
1732003718.4881108,0,turbine 24,12.57,101549.85,6.36,1823.55
1732003718.4881108,0,turbine 25,13.02,101529.61,6.07,1852.51
1732003718.4881108,0,turbine 26,12.32,101614.92,6.18,1770.87
1732003718.4881108,0,turbine 27,12.31,101610.08,6.32,1800.2
1732003718.4881108,0,turbine 28,12.57,101582.44,6.2,1800.67
1732003718.4881108,0,turbine 29,12.37,101566.95,5.92,1757.18
1732003718.4881108,0,turbine 30,12.99,101596.32,6.02,1852.42
1732003724.0631173,0,turbine 1,12.22,101557.97,6.02,1675.64
1732003724.0631173,0,turbine 2,12.98,101581.32,6.27,1676.88
1732003724.0631173,0,turbine 3,12.21,101532.83,6.47,1886.19
1732003724.0631173,0,turbine 4,12.28,101565.21,5.98,1814.4
1732003724.0631173,0,turbine 5,13.16,101521.9,5.95,1913.79
1732003724.0631173,0,turbine 6,12.7,101602.29,6.47,1903.89
1732003724.0631173,0,turbine 7,12.48,101539.43,6.0,1818.83
1732003724.0631173,0,turbine 8,12.8,101568.99,6.01,1892.63
1732003724.0631173,0,turbine 9,12.23,101562.92,5.92,1786.03
1732003724.0631173,0,turbine 10,12.44,101520.34,5.99,1851.75
1732003724.0631173,0,turbine 11,12.77,101614.0,5.97,1883.32
1732003724.0631173,0,turbine 12,12.39,101597.67,6.29,1777.59
1732003724.0631173,0,turbine 13,12.84,101573.65,6.31,1915.14
1732003724.0631173,0,turbine 14,12.31,101540.78,6.28,1714.41
1732003724.0631173,0,turbine 15,12.64,101611.33,6.35,1694.01
1732003724.0631173,0,turbine 16,12.73,101590.92,6.48,1867.0
1732003724.0631173,0,turbine 17,13.04,101566.75,6.25,1752.47
1732003724.0631173,0,turbine 18,13.06,101592.73,6.39,1717.23
1732003724.0631173,0,turbine 19,13.17,101523.34,6.16,1756.53
1732003724.0631173,0,turbine 20,12.45,101577.08,6.04,1858.11
1732003724.0631173,0,turbine 21,12.77,101520.47,6.23,1775.51
1732003724.0631173,0,turbine 22,12.91,101592.1,6.36,1684.22
1732003724.0631173,0,turbine 23,12.27,101618.09,5.9,1749.87
1732003724.0631173,0,turbine 24,12.39,101569.96,6.16,1762.89
1732003724.0631173,0,turbine 25,13.2,101550.6,6.46,1714.83
1732003724.0631173,0,turbine 26,12.92,101608.56,6.31,1731.52
1732003724.0631173,0,turbine 27,12.68,101586.16,6.11,1739.83
1732003724.0631173,0,turbine 28,12.27,101593.03,6.34,1845.96
1732003724.0631173,0,turbine 29,12.3,101581.92,5.94,1800.74
1732003724.0631173,0,turbine 30,12.62,101537.5,6.13,1837.71
1732003729.7528915,0,turbine 1,12.72,101614.36,6.39,1794.72
1732003729.7528915,0,turbine 2,12.85,101594.27,6.19,1772.14
1732003729.7528915,0,turbine 3,12.57,101610.72,6.08,1687.36
1732003729.7528915,0,turbine 4,12.61,101608.71,6.31,1720.69
1732003729.7528915,0,turbine 5,12.89,101527.11,6.36,1715.43
1732003729.7528915,0,turbine 6,12.32,101530.25,6.22,1861.73
1732003729.7528915,0,turbine 7,12.88,101544.0,6.26,1792.45
1732003729.7528915,0,turbine 8,13.03,101530.27,6.43,1756.77
1732003729.7528915,0,turbine 9,12.59,101598.21,6.37,1894.08
1732003729.7528915,0,turbine 10,12.87,101563.67,6.29,1750.82
1732003729.7528915,0,turbine 11,12.56,101615.11,6.32,1717.66
1732003729.7528915,0,turbine 12,12.22,101612.23,6.29,1904.18
1732003729.7528915,0,turbine 13,12.96,101571.98,6.08,1920.12
1732003729.7528915,0,turbine 14,12.56,101564.62,6.2,1732.01
1732003729.7528915,0,turbine 15,12.78,101600.83,5.9,1813.46
1732003729.7528915,0,turbine 16,12.56,101542.78,6.27,1742.74
1732003729.7528915,0,turbine 17,12.97,101552.1,6.05,1720.8
1732003729.7528915,0,turbine 18,13.08,101589.64,6.11,1769.08
1732003729.7528915,0,turbine 19,12.77,101533.79,5.95,1662.89
1732003729.7528915,0,turbine 20,12.46,101592.76,6.22,1714.83
1732003729.7528915,0,turbine 21,12.43,101525.68,6.3,1745.38
1732003729.7528915,0,turbine 22,12.46,101602.36,6.26,1761.17
1732003729.7528915,0,turbine 23,12.41,101537.26,6.13,1682.37
1732003729.7528915,0,turbine 24,12.99,101551.45,6.39,1693.02
1732003729.7528915,0,turbine 25,13.08,101617.26,6.01,1915.72
1732003729.7528915,0,turbine 26,12.22,101528.72,6.26,1759.71
1732003729.7528915,0,turbine 27,12.86,101574.03,6.05,1685.49
1732003729.7528915,0,turbine 28,12.9,101546.15,6.05,1733.53
1732003729.7528915,0,turbine 29,12.6,101605.95,6.33,1713.7
1732003729.7528915,0,turbine 30,12.59,101589.23,6.47,1864.59
1732003735.3534672,0,turbine 1,13.1,101583.56,6.21,1723.87
1732003735.3534672,0,turbine 2,13.18,101591.46,5.95,1895.04
1732003735.3534672,0,turbine 3,12.3,101536.79,6.41,1919.65
1732003735.3534672,0,turbine 4,13.15,101575.48,6.03,1670.42
1732003735.3534672,0,turbine 5,12.27,101587.78,6.04,1720.25
1732003735.3534672,0,turbine 6,12.68,101579.5,6.1,1744.85
1732003735.3534672,0,turbine 7,12.46,101557.16,6.42,1881.32
1732003735.3534672,0,turbine 8,12.43,101523.8,5.93,1881.92
1732003735.3534672,0,turbine 9,12.9,101544.04,6.04,1815.6
1732003735.3534672,0,turbine 10,12.57,101553.08,6.16,1761.04
1732003735.3534672,0,turbine 11,12.78,101597.24,6.01,1685.26
1732003735.3534672,0,turbine 12,13.17,101526.11,6.26,1736.95
1732003735.3534672,0,turbine 13,12.81,101555.95,6.2,1802.62
1732003735.3534672,0,turbine 14,12.67,101582.68,6.49,1802.63
1732003735.3534672,0,turbine 15,12.79,101549.72,5.9,1730.01
1732003735.3534672,0,turbine 16,12.96,101551.46,6.1,1878.09
1732003735.3534672,0,turbine 17,12.59,101574.19,6.11,1725.85
1732003735.3534672,0,turbine 18,13.09,101599.01,6.33,1744.23
1732003735.3534672,0,turbine 19,12.56,101588.06,6.16,1769.53
1732003735.3534672,0,turbine 20,12.85,101522.74,6.35,1817.72
1732003735.3534672,0,turbine 21,13.17,101592.06,6.11,1758.11
1732003735.3534672,0,turbine 22,12.66,101527.31,6.41,1808.54
1732003735.3534672,0,turbine 23,12.77,101542.72,5.96,1719.43
1732003735.3534672,0,turbine 24,12.82,101533.73,5.93,1699.91
1732003735.3534672,0,turbine 25,12.73,101596.87,6.13,1827.72
1732003735.3534672,0,turbine 26,12.22,101608.97,6.11,1749.71
1732003735.3534672,0,turbine 27,13.2,101566.03,5.99,1732.24
1732003735.3534672,0,turbine 28,12.91,101574.03,6.42,1673.31
1732003735.3534672,0,turbine 29,12.89,101588.45,6.45,1664.59
1732003735.3534672,0,turbine 30,12.83,101615.93,6.28,1671.17
1732003740.94982,0,turbine 1,12.39,101528.69,6.08,1784.39
1732003740.94982,0,turbine 2,12.48,101574.26,5.93,1730.22
1732003740.94982,0,turbine 3,12.32,101586.2,6.24,1753.13
1732003740.94982,0,turbine 4,12.46,101520.59,6.36,1751.45
1732003740.94982,0,turbine 5,12.63,101596.05,6.13,1733.97
1732003740.94982,0,turbine 6,12.69,101610.45,5.91,1814.89
1732003740.94982,0,turbine 7,13.01,101537.4,6.03,1887.86
1732003740.94982,0,turbine 8,13.03,101538.76,6.37,1920.81
1732003740.94982,0,turbine 9,12.3,101614.71,6.44,1782.62
1732003740.94982,0,turbine 10,12.6,101573.84,6.22,1773.82
1732003740.94982,0,turbine 11,12.59,101567.35,6.17,1816.8
1732003740.94982,0,turbine 12,12.4,101553.31,6.0,1760.15
1732003740.94982,0,turbine 13,12.92,101600.97,6.05,1717.71
1732003740.94982,0,turbine 14,12.93,101522.96,5.9,1799.4
1732003740.94982,0,turbine 15,12.9,101573.01,6.1,1756.85
1732003740.94982,0,turbine 16,12.76,101566.35,5.98,1718.08
1732003740.94982,0,turbine 17,12.71,101563.17,6.37,1882.3
1732003740.94982,0,turbine 18,12.85,101543.86,6.09,1899.42
1732003740.94982,0,turbine 19,13.09,101606.06,6.42,1747.05
1732003740.94982,0,turbine 20,12.73,101543.79,6.44,1861.96
1732003740.94982,0,turbine 21,12.28,101582.36,6.14,1669.32
1732003740.94982,0,turbine 22,12.81,101584.33,6.08,1795.85
1732003740.94982,0,turbine 23,13.02,101616.6,6.39,1711.04
1732003740.94982,0,turbine 24,12.75,101538.68,5.97,1839.9
1732003740.94982,0,turbine 25,12.21,101611.43,6.01,1768.54
1732003740.94982,0,turbine 26,12.85,101608.49,6.0,1801.15
1732003740.94982,0,turbine 27,12.2,101606.24,6.15,1768.69
1732003740.94982,0,turbine 28,12.26,101585.0,6.27,1682.62
1732003740.94982,0,turbine 29,12.86,101586.82,6.12,1887.14
1732003740.94982,0,turbine 30,12.68,101578.44,6.26,1744.51
1732003746.575004,0,turbine 1,12.35,101575.61,5.9,1671.55
1732003746.575004,0,turbine 2,13.14,101526.4,6.17,1742.92
1732003746.575004,0,turbine 3,12.48,101520.18,6.28,1847.54
1732003746.575004,0,turbine 4,12.98,101591.25,6.37,1828.0
1732003746.575004,0,turbine 5,13.13,101583.49,5.92,1760.7
1732003746.575004,0,turbine 6,13.06,101539.93,6.47,1720.69
1732003746.575004,0,turbine 7,12.97,101598.12,6.27,1685.76
1732003746.575004,0,turbine 8,12.79,101549.49,6.38,1785.14
1732003746.575004,0,turbine 9,12.8,101562.22,6.27,1873.29
1732003746.575004,0,turbine 10,12.71,101569.06,6.12,1837.12
1732003746.575004,0,turbine 11,12.85,101553.01,6.21,1823.49
1732003746.575004,0,turbine 12,12.58,101545.06,6.02,1776.45
1732003746.575004,0,turbine 13,12.37,101573.53,6.0,1688.37
1732003746.575004,0,turbine 14,12.22,101560.54,6.37,1810.45
1732003746.575004,0,turbine 15,12.35,101614.36,6.39,1827.73
1732003746.575004,0,turbine 16,12.31,101556.46,6.1,1856.33
1732003746.575004,0,turbine 17,13.06,101553.97,6.2,1878.75
1732003746.575004,0,turbine 18,12.33,101540.36,6.29,1743.78
1732003746.575004,0,turbine 19,12.45,101614.71,6.32,1723.42
1732003746.575004,0,turbine 20,13.16,101599.34,5.97,1873.22
1732003746.575004,0,turbine 21,12.61,101599.2,6.42,1860.75
1732003746.575004,0,turbine 22,12.75,101525.1,6.25,1832.43
1732003746.575004,0,turbine 23,12.78,101572.78,6.05,1847.88
1732003746.575004,0,turbine 24,12.84,101599.31,6.41,1920.02
1732003746.575004,0,turbine 25,13.04,101568.74,6.38,1696.05
1732003746.575004,0,turbine 26,12.65,101538.81,6.27,1682.54
1732003746.575004,0,turbine 27,13.17,101561.77,6.1,1828.32
1732003746.575004,0,turbine 28,12.48,101522.21,6.06,1853.33
1732003746.575004,0,turbine 29,12.43,101545.09,6.24,1861.43
1732003746.575004,0,turbine 30,13.16,101549.45,6.0,1818.72
1732003752.1956954,0,turbine 1,12.85,101531.02,6.32,1713.21
1732003752.1956954,0,turbine 2,12.61,101613.16,6.48,1866.52
1732003752.1956954,0,turbine 3,13.1,101562.53,6.07,1868.58
1732003752.1956954,0,turbine 4,12.79,101581.58,6.48,1897.22
1732003752.1956954,0,turbine 5,12.82,101592.57,6.4,1899.5
1732003752.1956954,0,turbine 6,13.04,101543.3,6.39,1757.31
1732003752.1956954,0,turbine 7,12.71,101535.28,5.98,1873.83
1732003752.1956954,0,turbine 8,12.43,101595.79,6.13,1899.33
1732003752.1956954,0,turbine 9,12.8,101522.08,6.05,1736.23
1732003752.1956954,0,turbine 10,12.71,101603.85,6.15,1713.25
1732003752.1956954,0,turbine 11,12.62,101612.35,5.98,1898.26
1732003752.1956954,0,turbine 12,12.42,101600.58,6.39,1738.28
1732003752.1956954,0,turbine 13,12.49,101560.15,5.99,1684.13
1732003752.1956954,0,turbine 14,12.22,101579.9,6.49,1829.53
1732003752.1956954,0,turbine 15,12.82,101563.83,6.38,1752.66
1732003752.1956954,0,turbine 16,12.7,101589.49,6.1,1749.41
1732003752.1956954,0,turbine 17,12.82,101616.65,6.07,1756.2
1732003752.1956954,0,turbine 18,12.88,101605.98,6.4,1674.68
1732003752.1956954,0,turbine 19,12.43,101577.96,5.9,1707.44
1732003752.1956954,0,turbine 20,12.7,101521.76,6.19,1861.95
1732003752.1956954,0,turbine 21,12.35,101591.36,5.97,1661.98
1732003752.1956954,0,turbine 22,12.26,101545.02,6.02,1789.99
1732003752.1956954,0,turbine 23,12.78,101613.1,6.27,1684.56
1732003752.1956954,0,turbine 24,12.52,101522.75,6.26,1675.32
1732003752.1956954,0,turbine 25,12.54,101581.07,6.07,1789.24
1732003752.1956954,0,turbine 26,12.93,101599.55,6.03,1772.65
1732003752.1956954,0,turbine 27,13.06,101575.34,6.4,1888.62
1732003752.1956954,0,turbine 28,13.07,101579.66,5.97,1752.56
1732003752.1956954,0,turbine 29,12.31,101569.58,6.09,1823.99
1732003752.1956954,0,turbine 30,12.58,101524.88,6.34,1742.61
1732003757.8261309,0,turbine 1,12.94,101550.98,6.44,1841.45
1732003757.8261309,0,turbine 2,12.3,101614.47,6.17,1749.29
1732003757.8261309,0,turbine 3,12.63,101594.63,6.07,1837.67
1732003757.8261309,0,turbine 4,13.09,101562.2,5.99,1683.7
1732003757.8261309,0,turbine 5,13.19,101579.44,6.43,1870.51
1732003757.8261309,0,turbine 6,12.55,101539.23,6.4,1761.01
1732003757.8261309,0,turbine 7,12.76,101607.2,6.19,1710.66
1732003757.8261309,0,turbine 8,12.74,101615.11,6.01,1856.06
1732003757.8261309,0,turbine 9,12.78,101537.01,6.47,1672.3
1732003757.8261309,0,turbine 10,12.7,101585.48,6.06,1871.9
1732003757.8261309,0,turbine 11,12.98,101529.45,6.29,1679.92
1732003757.8261309,0,turbine 12,12.27,101524.58,6.43,1667.47
1732003757.8261309,0,turbine 13,12.93,101567.75,6.37,1776.4
1732003757.8261309,0,turbine 14,12.72,101585.47,6.13,1840.73
1732003757.8261309,0,turbine 15,12.27,101521.62,5.98,1728.28
1732003757.8261309,0,turbine 16,12.46,101531.18,6.08,1834.88
1732003757.8261309,0,turbine 17,12.73,101582.75,6.26,1745.44
1732003757.8261309,0,turbine 18,12.97,101579.39,5.94,1730.5
1732003757.8261309,0,turbine 19,12.9,101556.48,6.22,1914.96
1732003757.8261309,0,turbine 20,12.44,101569.55,6.46,1766.65
1732003757.8261309,0,turbine 21,12.87,101619.04,6.42,1738.38
1732003757.8261309,0,turbine 22,12.72,101533.97,6.13,1823.88
1732003757.8261309,0,turbine 23,12.88,101567.5,6.24,1673.36
1732003757.8261309,0,turbine 24,12.23,101591.6,5.92,1808.1
1732003757.8261309,0,turbine 25,12.45,101530.59,6.4,1703.68
1732003757.8261309,0,turbine 26,12.3,101542.19,6.3,1840.89
1732003757.8261309,0,turbine 27,12.28,101530.52,5.94,1739.68
1732003757.8261309,0,turbine 28,12.67,101574.43,6.14,1696.08
1732003757.8261309,0,turbine 29,12.92,101561.97,6.21,1733.31
1732003757.8261309,0,turbine 30,12.3,101549.64,6.42,1709.04
1732003763.4258375,0,turbine 1,12.82,101521.89,6.27,1833.31
1732003763.4258375,0,turbine 2,13.04,101589.89,5.96,1752.52
1732003763.4258375,0,turbine 3,13.15,101550.16,6.31,1745.09
1732003763.4258375,0,turbine 4,12.46,101554.82,6.16,1899.74
1732003763.4258375,0,turbine 5,12.85,101559.57,6.12,1667.66
1732003763.4258375,0,turbine 6,13.1,101529.36,5.89,1661.66
1732003763.4258375,0,turbine 7,13.08,101586.52,6.44,1917.47
1732003763.4258375,0,turbine 8,12.32,101584.48,6.13,1715.58
1732003763.4258375,0,turbine 9,13.15,101572.0,6.47,1735.04
1732003763.4258375,0,turbine 10,12.86,101607.61,5.96,1809.14
1732003763.4258375,0,turbine 11,12.36,101566.09,5.9,1791.69
1732003763.4258375,0,turbine 12,12.67,101576.02,5.98,1680.46
1732003763.4258375,0,turbine 13,12.38,101613.7,6.0,1891.39
1732003763.4258375,0,turbine 14,12.97,101563.94,6.13,1909.29
1732003763.4258375,0,turbine 15,13.12,101558.13,6.23,1713.05
1732003763.4258375,0,turbine 16,12.35,101548.46,6.16,1682.53
1732003763.4258375,0,turbine 17,12.99,101563.2,6.3,1827.47
1732003763.4258375,0,turbine 18,12.64,101527.18,6.01,1720.35
1732003763.4258375,0,turbine 19,12.84,101539.72,6.34,1756.75
1732003763.4258375,0,turbine 20,12.57,101532.18,6.28,1918.39
1732003763.4258375,0,turbine 21,12.53,101558.43,6.08,1861.42
1732003763.4258375,0,turbine 22,12.75,101587.45,6.42,1773.96
1732003763.4258375,0,turbine 23,12.59,101567.07,6.37,1701.96
1732003763.4258375,0,turbine 24,13.15,101562.56,5.99,1700.88
1732003763.4258375,0,turbine 25,12.91,101605.21,6.47,1836.63
1732003763.4258375,0,turbine 26,12.8,101543.55,6.05,1676.99
1732003763.4258375,0,turbine 27,13.02,101530.61,6.0,1759.48
1732003763.4258375,0,turbine 28,12.2,101524.1,6.13,1694.64
1732003763.4258375,0,turbine 29,12.25,101536.16,6.21,1663.87
1732003763.4258375,0,turbine 30,12.34,101618.78,6.18,1839.16
1732003769.055023,0,turbine 1,12.39,101605.78,6.02,1910.18
1732003769.055023,0,turbine 2,12.36,101574.6,6.04,1677.22
1732003769.055023,0,turbine 3,12.95,101598.02,6.13,1685.46
1732003769.055023,0,turbine 4,12.49,101565.71,5.96,1852.67
1732003769.055023,0,turbine 5,12.45,101592.24,6.46,1726.68
1732003769.055023,0,turbine 6,12.77,101583.61,5.94,1908.14
1732003769.055023,0,turbine 7,12.39,101616.85,6.1,1757.18
1732003769.055023,0,turbine 8,13.09,101613.64,6.35,1684.21
1732003769.055023,0,turbine 9,12.6,101530.83,5.98,1726.38
1732003769.055023,0,turbine 10,12.29,101524.33,5.92,1886.68
1732003769.055023,0,turbine 11,12.26,101536.02,6.29,1791.0
1732003769.055023,0,turbine 12,12.54,101536.19,6.25,1778.96
1732003769.055023,0,turbine 13,12.3,101573.61,6.09,1897.95
1732003769.055023,0,turbine 14,13.11,101558.83,6.44,1902.84
1732003769.055023,0,turbine 15,12.33,101574.51,6.19,1723.74
1732003769.055023,0,turbine 16,12.84,101549.93,6.47,1862.95
1732003769.055023,0,turbine 17,12.57,101554.66,6.32,1907.67
1732003769.055023,0,turbine 18,12.46,101609.96,6.06,1706.76
1732003769.055023,0,turbine 19,12.57,101551.45,6.47,1689.59
1732003769.055023,0,turbine 20,13.02,101600.08,6.21,1674.33
1732003769.055023,0,turbine 21,12.65,101617.37,6.34,1717.64
1732003769.055023,0,turbine 22,12.76,101605.57,6.31,1707.62
1732003769.055023,0,turbine 23,13.03,101558.86,6.3,1835.84
1732003769.055023,0,turbine 24,13.12,101561.01,5.96,1681.84
1732003769.055023,0,turbine 25,13.16,101566.26,6.28,1702.74
1732003769.055023,0,turbine 26,12.96,101562.09,6.04,1697.99
1732003769.055023,0,turbine 27,12.45,101541.14,6.44,1692.1
1732003769.055023,0,turbine 28,13.03,101582.35,6.08,1893.77
1732003769.055023,0,turbine 29,12.41,101552.05,5.97,1802.94
1732003769.055023,0,turbine 30,12.58,101527.8,6.15,1837.38
1732003774.589967,0,turbine 1,13.1,101562.56,6.37,1891.14
1732003774.589967,0,turbine 2,13.12,101539.75,6.23,1733.51
1732003774.589967,0,turbine 3,12.69,101611.58,6.31,1845.87
1732003774.589967,0,turbine 4,12.73,101544.72,6.44,1871.39
1732003774.589967,0,turbine 5,13.17,101552.19,6.43,1831.36
1732003774.589967,0,turbine 6,13.12,101592.04,6.08,1733.58
1732003774.589967,0,turbine 7,13.19,101561.57,6.2,1717.15
1732003774.589967,0,turbine 8,12.58,101574.24,6.22,1674.63
1732003774.589967,0,turbine 9,12.66,101532.17,6.45,1778.34
1732003774.589967,0,turbine 10,13.0,101578.22,5.99,1889.4
1732003774.589967,0,turbine 11,13.15,101587.72,6.25,1880.19
1732003774.589967,0,turbine 12,12.56,101581.8,6.43,1910.15
1732003774.589967,0,turbine 13,12.97,101530.97,6.39,1792.42
1732003774.589967,0,turbine 14,12.98,101553.86,6.44,1676.96
1732003774.589967,0,turbine 15,12.31,101572.75,6.38,1732.43
1732003774.589967,0,turbine 16,12.3,101565.58,6.33,1681.08
1732003774.589967,0,turbine 17,12.37,101553.84,6.29,1681.92
1732003774.589967,0,turbine 18,12.69,101547.11,6.03,1711.6
1732003774.589967,0,turbine 19,12.41,101595.68,6.11,1862.15
1732003774.589967,0,turbine 20,13.16,101548.06,6.02,1695.72
1732003774.589967,0,turbine 21,12.67,101611.18,6.41,1727.57
1732003774.589967,0,turbine 22,12.99,101574.64,6.12,1827.63
1732003774.589967,0,turbine 23,13.02,101573.57,6.35,1676.07
1732003774.589967,0,turbine 24,12.51,101581.71,6.26,1799.24
1732003774.589967,0,turbine 25,12.82,101553.28,6.46,1868.37
1732003774.589967,0,turbine 26,12.28,101596.32,6.09,1856.08
1732003774.589967,0,turbine 27,13.05,101590.91,6.43,1759.89
1732003774.589967,0,turbine 28,12.29,101534.04,6.47,1689.33
1732003774.589967,0,turbine 29,13.04,101554.92,5.96,1688.01
1732003774.589967,0,turbine 30,12.46,101542.56,5.91,1753.01
1732003780.56921,0,turbine 1,13.1,101615.1,6.4,1772.07
1732003780.56921,0,turbine 2,12.81,101526.39,6.04,1897.62
1732003780.56921,0,turbine 3,13.16,101587.82,5.9,1786.03
1732003780.56921,0,turbine 4,12.62,101590.09,6.42,1668.87
1732003780.56921,0,turbine 5,12.4,101611.14,5.98,1745.23
1732003780.56921,0,turbine 6,12.71,101604.51,6.25,1820.8
1732003780.56921,0,turbine 7,12.41,101530.4,6.22,1732.56
1732003780.56921,0,turbine 8,12.37,101588.22,6.22,1709.89
1732003780.56921,0,turbine 9,12.59,101592.89,6.16,1748.17
1732003780.56921,0,turbine 10,12.81,101574.78,6.14,1740.89
1732003780.56921,0,turbine 11,12.62,101578.57,5.94,1770.04
1732003780.56921,0,turbine 12,12.83,101544.76,6.46,1786.22
1732003780.56921,0,turbine 13,12.2,101539.75,6.13,1801.84
1732003780.56921,0,turbine 14,12.27,101602.36,6.09,1853.43
1732003780.56921,0,turbine 15,13.03,101557.86,5.95,1813.91
1732003780.56921,0,turbine 16,12.64,101590.83,6.47,1698.38
1732003780.56921,0,turbine 17,12.64,101542.09,6.43,1784.33
1732003780.56921,0,turbine 18,12.42,101617.76,5.98,1705.22
1732003780.56921,0,turbine 19,13.0,101568.7,5.93,1804.75
1732003780.56921,0,turbine 20,12.38,101561.98,6.06,1819.74
1732003780.56921,0,turbine 21,12.56,101569.58,6.06,1777.08
1732003780.56921,0,turbine 22,12.93,101619.15,6.23,1673.67
1732003780.56921,0,turbine 23,13.17,101538.38,6.17,1901.15
1732003780.56921,0,turbine 24,13.07,101598.13,6.39,1796.99
1732003780.56921,0,turbine 25,12.59,101562.2,6.49,1841.52
1732003780.56921,0,turbine 26,12.96,101567.74,6.24,1666.64
1732003780.56921,0,turbine 27,12.49,101532.04,6.34,1693.83
1732003780.56921,0,turbine 28,12.82,101571.65,6.1,1919.79
1732003780.56921,0,turbine 29,12.75,101580.04,6.08,1671.23
1732003780.56921,0,turbine 30,13.15,101598.63,6.06,1871.74
1732003786.234763,0,turbine 1,13.12,101611.5,6.06,1908.42
1732003786.234763,0,turbine 2,12.53,101606.46,6.37,1745.32
1732003786.234763,0,turbine 3,13.07,101582.68,6.22,1865.29
1732003786.234763,0,turbine 4,12.36,101521.87,6.06,1682.79
1732003786.234763,0,turbine 5,12.71,101580.33,5.93,1761.86
1732003786.234763,0,turbine 6,12.25,101573.39,6.04,1849.51
1732003786.234763,0,turbine 7,12.91,101578.1,6.33,1899.0
1732003786.234763,0,turbine 8,13.0,101527.59,6.48,1882.41
1732003786.234763,0,turbine 9,12.82,101603.86,6.44,1783.61
1732003786.234763,0,turbine 10,12.73,101569.25,6.07,1692.49
1732003786.234763,0,turbine 11,12.85,101597.53,6.4,1704.49
1732003786.234763,0,turbine 12,12.88,101527.52,6.44,1801.52
1732003786.234763,0,turbine 13,12.84,101524.69,6.21,1664.86
1732003786.234763,0,turbine 14,12.3,101551.74,6.43,1849.17
1732003786.234763,0,turbine 15,12.76,101602.43,6.48,1665.79
1732003786.234763,0,turbine 16,12.66,101573.65,6.47,1786.64
1732003786.234763,0,turbine 17,12.24,101568.29,6.18,1796.76
1732003786.234763,0,turbine 18,12.86,101599.97,6.34,1807.6
1732003786.234763,0,turbine 19,13.03,101551.36,6.27,1756.79
1732003786.234763,0,turbine 20,12.51,101593.71,6.38,1665.89
1732003786.234763,0,turbine 21,12.63,101565.14,6.48,1791.32
1732003786.234763,0,turbine 22,13.03,101551.61,6.49,1878.02
1732003786.234763,0,turbine 23,12.86,101592.52,6.38,1675.94
1732003786.234763,0,turbine 24,12.84,101580.75,5.96,1671.24
1732003786.234763,0,turbine 25,12.9,101529.37,6.39,1769.15
1732003786.234763,0,turbine 26,12.93,101541.93,6.37,1761.24
1732003786.234763,0,turbine 27,12.32,101604.62,5.93,1764.2
1732003786.234763,0,turbine 28,12.95,101609.64,5.97,1773.61
1732003786.234763,0,turbine 29,12.51,101565.61,6.11,1818.5
1732003786.234763,0,turbine 30,12.33,101522.56,6.47,1832.99
1732003791.8382163,0,turbine 1,12.27,101569.41,6.13,1740.79
1732003791.8382163,0,turbine 2,13.14,101594.47,6.41,1663.72
1732003791.8382163,0,turbine 3,12.94,101594.45,6.38,1718.21
1732003791.8382163,0,turbine 4,12.38,101612.81,5.95,1721.64
1732003791.8382163,0,turbine 5,12.79,101603.06,6.4,1814.67
1732003791.8382163,0,turbine 6,12.47,101600.54,6.03,1808.94
1732003791.8382163,0,turbine 7,12.76,101578.94,6.21,1702.85
1732003791.8382163,0,turbine 8,13.01,101617.04,6.07,1662.22
1732003791.8382163,0,turbine 9,12.35,101552.17,6.18,1897.14
1732003791.8382163,0,turbine 10,12.57,101536.47,5.98,1735.17
1732003791.8382163,0,turbine 11,12.65,101558.86,6.39,1822.4
1732003791.8382163,0,turbine 12,12.49,101593.56,6.16,1691.54
1732003791.8382163,0,turbine 13,12.91,101528.19,5.95,1868.21
1732003791.8382163,0,turbine 14,12.41,101616.04,6.13,1765.52
1732003791.8382163,0,turbine 15,12.7,101528.71,6.0,1675.92
1732003791.8382163,0,turbine 16,12.8,101593.75,5.97,1717.82
1732003791.8382163,0,turbine 17,12.51,101553.89,5.98,1842.14
1732003791.8382163,0,turbine 18,12.57,101605.77,6.49,1678.73
1732003791.8382163,0,turbine 19,12.94,101570.21,6.17,1899.73
1732003791.8382163,0,turbine 20,12.9,101550.0,6.24,1833.51
1732003791.8382163,0,turbine 21,12.95,101543.03,6.22,1698.44
1732003791.8382163,0,turbine 22,12.72,101596.12,6.16,1802.45
1732003791.8382163,0,turbine 23,12.71,101594.07,6.06,1790.58
1732003791.8382163,0,turbine 24,12.21,101573.0,6.18,1710.92
1732003791.8382163,0,turbine 25,12.36,101537.93,6.17,1717.83
1732003791.8382163,0,turbine 26,12.65,101594.66,6.15,1735.73
1732003791.8382163,0,turbine 27,12.98,101559.3,6.04,1661.6
1732003791.8382163,0,turbine 28,13.15,101561.07,6.37,1667.18
1732003791.8382163,0,turbine 29,12.44,101559.28,6.12,1872.96
1732003791.8382163,0,turbine 30,12.9,101524.68,6.43,1719.94
1732003797.493046,0,turbine 1,12.84,101531.35,6.29,1836.24
1732003797.493046,0,turbine 2,13.13,101600.88,6.43,1662.41
1732003797.493046,0,turbine 3,12.76,101581.62,6.44,1708.31
1732003797.493046,0,turbine 4,12.73,101581.38,6.48,1683.31
1732003797.493046,0,turbine 5,12.89,101537.15,6.2,1896.31
1732003797.493046,0,turbine 6,13.02,101536.16,6.39,1888.05
1732003797.493046,0,turbine 7,12.99,101522.33,6.33,1738.51
1732003797.493046,0,turbine 8,12.63,101541.97,6.19,1841.05
1732003797.493046,0,turbine 9,12.62,101524.79,6.21,1853.49
1732003797.493046,0,turbine 10,12.4,101573.12,6.39,1795.59
1732003797.493046,0,turbine 11,12.2,101616.01,6.16,1663.56
1732003797.493046,0,turbine 12,12.82,101543.79,6.34,1878.45
1732003797.493046,0,turbine 13,13.16,101528.02,6.07,1759.85
1732003797.493046,0,turbine 14,12.27,101544.62,6.36,1854.51
1732003797.493046,0,turbine 15,12.75,101618.97,6.42,1899.1
1732003797.493046,0,turbine 16,12.34,101609.6,6.25,1783.34
1732003797.493046,0,turbine 17,13.14,101532.84,6.26,1848.28
1732003797.493046,0,turbine 18,12.98,101579.78,5.9,1737.72
1732003797.493046,0,turbine 19,12.4,101522.84,6.29,1662.49
1732003797.493046,0,turbine 20,12.23,101544.54,6.49,1795.84
1732003797.493046,0,turbine 21,12.44,101523.51,6.08,1695.01
1732003797.493046,0,turbine 22,12.98,101576.53,6.17,1681.62
1732003797.493046,0,turbine 23,13.03,101545.35,6.35,1736.3
1732003797.493046,0,turbine 24,12.47,101589.75,6.39,1693.06
1732003797.493046,0,turbine 25,13.09,101548.37,6.21,1773.14
1732003797.493046,0,turbine 26,12.46,101558.01,6.2,1786.61
1732003797.493046,0,turbine 27,12.55,101574.69,6.2,1668.57
1732003797.493046,0,turbine 28,12.42,101557.28,5.9,1772.41
1732003797.493046,0,turbine 29,12.82,101613.69,6.48,1824.45
1732003797.493046,0,turbine 30,13.15,101592.24,6.26,1753.58
1732003803.074913,0,turbine 1,12.62,101543.18,6.4,1719.94
1732003803.074913,0,turbine 2,12.21,101539.6,6.28,1847.2
1732003803.074913,0,turbine 3,12.96,101606.26,6.36,1713.56
1732003803.074913,0,turbine 4,12.7,101555.48,6.23,1817.55
1732003803.074913,0,turbine 5,12.42,101584.59,6.37,1886.81
1732003803.074913,0,turbine 6,13.04,101537.38,5.91,1819.77
1732003803.074913,0,turbine 7,12.51,101525.87,6.09,1833.13
1732003803.074913,0,turbine 8,12.45,101566.6,6.28,1757.46
1732003803.074913,0,turbine 9,12.36,101528.37,6.11,1709.62
1732003803.074913,0,turbine 10,12.45,101524.08,6.18,1726.67
1732003803.074913,0,turbine 11,12.91,101526.3,6.08,1770.88
1732003803.074913,0,turbine 12,12.46,101524.6,5.92,1842.89
1732003803.074913,0,turbine 13,13.06,101542.86,6.0,1786.45
1732003803.074913,0,turbine 14,12.23,101595.46,6.15,1664.2
1732003803.074913,0,turbine 15,12.95,101550.82,6.26,1708.3
1732003803.074913,0,turbine 16,12.51,101582.26,6.27,1755.84
1732003803.074913,0,turbine 17,12.41,101533.34,6.41,1729.62
1732003803.074913,0,turbine 18,13.19,101536.51,5.95,1865.03
1732003803.074913,0,turbine 19,12.96,101533.69,6.2,1706.77
1732003803.074913,0,turbine 20,13.02,101532.08,5.93,1766.45
1732003803.074913,0,turbine 21,12.9,101581.72,5.93,1705.14
1732003803.074913,0,turbine 22,12.77,101568.7,6.09,1836.87
1732003803.074913,0,turbine 23,12.59,101565.37,6.22,1752.84
1732003803.074913,0,turbine 24,12.32,101610.44,6.15,1722.31
1732003803.074913,0,turbine 25,12.24,101574.55,6.03,1841.37
1732003803.074913,0,turbine 26,12.25,101611.73,6.42,1706.11
1732003803.074913,0,turbine 27,12.88,101592.85,6.01,1882.46
1732003803.074913,0,turbine 28,12.41,101592.47,6.04,1858.65
1732003803.074913,0,turbine 29,12.27,101618.11,6.23,1884.04
1732003803.074913,0,turbine 30,13.08,101534.05,6.02,1698.74
1732003808.695771,0,turbine 1,13.18,101610.67,6.36,1781.11
1732003808.695771,0,turbine 2,12.43,101608.42,6.09,1791.5
1732003808.695771,0,turbine 3,13.01,101524.04,5.92,1876.08
1732003808.695771,0,turbine 4,12.63,101582.74,6.29,1767.4
1732003808.695771,0,turbine 5,12.99,101579.86,6.13,1864.98
1732003808.695771,0,turbine 6,12.28,101550.35,5.91,1684.94
1732003808.695771,0,turbine 7,12.43,101536.17,6.08,1720.12
1732003808.695771,0,turbine 8,13.15,101601.58,6.42,1892.12
1732003808.695771,0,turbine 9,12.58,101569.69,6.29,1837.14
1732003808.695771,0,turbine 10,12.42,101558.23,6.0,1806.76
1732003808.695771,0,turbine 11,12.62,101591.91,6.11,1775.73
1732003808.695771,0,turbine 12,12.9,101607.96,6.12,1668.5
1732003808.695771,0,turbine 13,12.67,101563.86,6.0,1695.65
1732003808.695771,0,turbine 14,13.17,101579.89,6.45,1896.83
1732003808.695771,0,turbine 15,12.96,101549.32,6.0,1790.49
1732003808.695771,0,turbine 16,12.7,101552.75,5.99,1799.32
1732003808.695771,0,turbine 17,12.21,101560.73,6.14,1853.28
1732003808.695771,0,turbine 18,12.23,101569.3,6.22,1877.71
1732003808.695771,0,turbine 19,12.75,101566.19,6.07,1776.48
1732003808.695771,0,turbine 20,12.55,101581.83,6.01,1796.59
1732003808.695771,0,turbine 21,12.37,101545.42,6.2,1790.32
1732003808.695771,0,turbine 22,12.31,101562.61,6.49,1819.08
1732003808.695771,0,turbine 23,13.0,101556.91,6.34,1857.06
1732003808.695771,0,turbine 24,13.02,101521.24,6.08,1850.58
1732003808.695771,0,turbine 25,12.95,101618.36,6.37,1813.75
1732003808.695771,0,turbine 26,12.5,101535.92,5.9,1895.51
1732003808.695771,0,turbine 27,12.93,101566.48,6.07,1771.0
1732003808.695771,0,turbine 28,12.26,101566.1,6.04,1826.05
1732003808.695771,0,turbine 29,12.78,101567.09,6.27,1682.24
1732003808.695771,0,turbine 30,12.68,101545.75,6.39,1799.26
1732003814.2902815,0,turbine 1,12.62,101528.64,5.92,1834.52
1732003814.2902815,0,turbine 2,12.98,101574.42,6.23,1786.29
1732003814.2902815,0,turbine 3,12.72,101548.17,6.05,1664.7
1732003814.2902815,0,turbine 4,12.21,101548.88,6.08,1665.39
1732003814.2902815,0,turbine 5,12.49,101593.27,5.96,1714.94
1732003814.2902815,0,turbine 6,12.56,101606.41,6.03,1899.71
1732003814.2902815,0,turbine 7,12.63,101533.93,6.0,1813.24
1732003814.2902815,0,turbine 8,12.2,101574.38,6.22,1811.0
1732003814.2902815,0,turbine 9,13.03,101544.67,6.33,1899.2
1732003814.2902815,0,turbine 10,12.59,101543.32,5.93,1737.43
1732003814.2902815,0,turbine 11,12.77,101563.75,6.03,1744.01
1732003814.2902815,0,turbine 12,13.06,101551.92,6.16,1734.08
1732003814.2902815,0,turbine 13,13.09,101551.79,5.98,1726.5
1732003814.2902815,0,turbine 14,12.98,101575.04,6.2,1698.93
1732003814.2902815,0,turbine 15,12.23,101609.05,5.97,1766.44
1732003814.2902815,0,turbine 16,12.66,101595.08,6.24,1755.09
1732003814.2902815,0,turbine 17,12.98,101565.34,5.96,1664.69
1732003814.2902815,0,turbine 18,12.25,101602.79,6.08,1919.89
1732003814.2902815,0,turbine 19,12.4,101616.0,6.26,1821.43
1732003814.2902815,0,turbine 20,12.42,101534.5,6.32,1782.16
1732003814.2902815,0,turbine 21,12.86,101570.18,6.3,1762.85
1732003814.2902815,0,turbine 22,12.3,101541.9,6.03,1897.26
1732003814.2902815,0,turbine 23,12.8,101524.75,6.49,1855.17
1732003814.2902815,0,turbine 24,12.64,101594.11,6.17,1664.08
1732003814.2902815,0,turbine 25,13.19,101540.22,6.05,1880.93
1732003814.2902815,0,turbine 26,12.61,101618.98,5.98,1894.84
1732003814.2902815,0,turbine 27,12.35,101551.03,6.44,1899.38
1732003814.2902815,0,turbine 28,12.46,101607.44,6.4,1889.13
1732003814.2902815,0,turbine 29,13.1,101533.64,5.92,1667.62
1732003814.2902815,0,turbine 30,12.71,101571.83,6.43,1786.12
1732003819.8652782,0,turbine 1,12.56,101546.78,6.29,1679.15
1732003819.8652782,0,turbine 2,13.14,101523.82,6.32,1774.37
1732003819.8652782,0,turbine 3,12.47,101546.39,6.43,1865.58
1732003819.8652782,0,turbine 4,12.3,101576.3,5.91,1878.42
1732003819.8652782,0,turbine 5,12.92,101569.1,6.1,1755.93
1732003819.8652782,0,turbine 6,12.61,101523.93,6.48,1862.72
1732003819.8652782,0,turbine 7,12.28,101582.74,5.92,1688.3
1732003819.8652782,0,turbine 8,12.54,101572.08,6.19,1717.88
1732003819.8652782,0,turbine 9,12.36,101596.1,6.09,1920.29
1732003819.8652782,0,turbine 10,12.32,101591.93,6.45,1842.12
1732003819.8652782,0,turbine 11,12.77,101591.98,6.29,1863.26
1732003819.8652782,0,turbine 12,12.51,101545.38,6.42,1735.89
1732003819.8652782,0,turbine 13,12.42,101525.29,5.95,1802.39
1732003819.8652782,0,turbine 14,13.04,101608.36,6.49,1708.3
1732003819.8652782,0,turbine 15,12.63,101566.27,5.95,1803.03
1732003819.8652782,0,turbine 16,13.06,101522.84,6.28,1745.89
1732003819.8652782,0,turbine 17,12.8,101546.2,6.03,1695.06
1732003819.8652782,0,turbine 18,12.77,101582.0,6.35,1720.35
1732003819.8652782,0,turbine 19,12.52,101593.5,6.21,1741.66
1732003819.8652782,0,turbine 20,12.59,101594.89,5.9,1853.63
1732003819.8652782,0,turbine 21,13.05,101531.5,5.98,1831.24
1732003819.8652782,0,turbine 22,12.63,101545.23,6.39,1684.09
1732003819.8652782,0,turbine 23,12.98,101567.61,6.48,1815.06
1732003819.8652782,0,turbine 24,12.94,101600.05,6.07,1708.25
1732003819.8652782,0,turbine 25,12.51,101534.89,5.9,1797.08
1732003819.8652782,0,turbine 26,12.43,101611.77,5.93,1686.04
1732003819.8652782,0,turbine 27,12.59,101552.92,6.18,1677.43
1732003819.8652782,0,turbine 28,12.93,101540.17,6.04,1670.86
1732003819.8652782,0,turbine 29,12.91,101596.87,6.29,1857.31
1732003819.8652782,0,turbine 30,12.72,101574.44,6.46,1706.03
1732003825.5301318,0,turbine 1,12.91,101597.01,5.94,1680.62
1732003825.5301318,0,turbine 2,13.15,101603.81,5.9,1809.09
1732003825.5301318,0,turbine 3,12.79,101557.15,6.1,1768.27
1732003825.5301318,0,turbine 4,12.73,101612.22,5.94,1876.24
1732003825.5301318,0,turbine 5,12.73,101619.47,5.9,1822.45
1732003825.5301318,0,turbine 6,12.62,101569.77,6.28,1917.16
1732003825.5301318,0,turbine 7,12.55,101616.07,6.3,1749.89
1732003825.5301318,0,turbine 8,12.55,101577.18,6.42,1908.2
1732003825.5301318,0,turbine 9,12.21,101574.68,5.92,1799.81
1732003825.5301318,0,turbine 10,12.83,101611.35,6.45,1816.53
1732003825.5301318,0,turbine 11,13.19,101541.9,5.91,1684.94
1732003825.5301318,0,turbine 12,12.66,101541.7,6.31,1812.19
1732003825.5301318,0,turbine 13,13.19,101590.79,5.92,1759.99
1732003825.5301318,0,turbine 14,12.61,101536.81,6.08,1723.51
1732003825.5301318,0,turbine 15,12.54,101541.91,6.16,1893.54
1732003825.5301318,0,turbine 16,13.05,101603.25,6.3,1687.74
1732003825.5301318,0,turbine 17,12.77,101530.56,6.22,1769.72
1732003825.5301318,0,turbine 18,12.43,101527.36,6.02,1714.87
1732003825.5301318,0,turbine 19,12.89,101573.1,6.28,1804.05
1732003825.5301318,0,turbine 20,12.93,101597.51,6.26,1786.94
1732003825.5301318,0,turbine 21,12.85,101582.16,6.39,1882.86
1732003825.5301318,0,turbine 22,12.38,101526.16,6.2,1740.71
1732003825.5301318,0,turbine 23,12.35,101602.01,6.31,1698.87
1732003825.5301318,0,turbine 24,12.84,101543.19,5.9,1738.23
1732003825.5301318,0,turbine 25,13.06,101580.46,6.3,1856.14
1732003825.5301318,0,turbine 26,12.55,101602.02,6.23,1679.86
1732003825.5301318,0,turbine 27,12.36,101539.49,6.09,1743.25
1732003825.5301318,0,turbine 28,12.67,101538.85,6.2,1677.04
1732003825.5301318,0,turbine 29,12.82,101589.21,6.17,1745.03
1732003825.5301318,0,turbine 30,12.59,101524.89,6.14,1712.66
1732003831.0821795,0,turbine 1,12.49,101556.29,5.98,1765.02
1732003831.0821795,0,turbine 2,12.75,101612.93,6.44,1719.65
1732003831.0821795,0,turbine 3,12.57,101589.94,5.94,1918.55
1732003831.0821795,0,turbine 4,12.43,101547.71,6.25,1772.11
1732003831.0821795,0,turbine 5,12.42,101539.58,6.37,1743.93
1732003831.0821795,0,turbine 6,12.21,101579.9,6.37,1852.22
1732003831.0821795,0,turbine 7,12.27,101566.28,6.38,1851.63
1732003831.0821795,0,turbine 8,12.69,101592.28,6.39,1756.75
1732003831.0821795,0,turbine 9,12.89,101588.44,6.11,1876.03
1732003831.0821795,0,turbine 10,12.41,101584.62,5.92,1793.99
1732003831.0821795,0,turbine 11,12.58,101602.04,6.15,1700.74
1732003831.0821795,0,turbine 12,12.66,101575.64,5.97,1686.78
1732003831.0821795,0,turbine 13,12.44,101559.21,6.48,1675.63
1732003831.0821795,0,turbine 14,13.18,101578.65,6.41,1761.51
1732003831.0821795,0,turbine 15,12.98,101570.75,6.17,1768.76
1732003831.0821795,0,turbine 16,12.71,101609.87,6.4,1915.22
1732003831.0821795,0,turbine 17,13.19,101578.91,5.99,1734.95
1732003831.0821795,0,turbine 18,12.53,101592.72,6.21,1786.62
1732003831.0821795,0,turbine 19,13.0,101559.3,6.21,1867.21
1732003831.0821795,0,turbine 20,12.53,101595.09,6.31,1725.99
1732003831.0821795,0,turbine 21,13.01,101612.06,6.01,1678.61
1732003831.0821795,0,turbine 22,12.31,101526.53,6.45,1748.41
1732003831.0821795,0,turbine 23,13.18,101530.31,6.29,1703.18
1732003831.0821795,0,turbine 24,12.2,101533.58,6.1,1828.47
1732003831.0821795,0,turbine 25,12.55,101598.98,6.22,1725.29
1732003831.0821795,0,turbine 26,12.44,101564.0,6.12,1701.87
1732003831.0821795,0,turbine 27,12.42,101568.95,6.44,1913.72
1732003831.0821795,0,turbine 28,12.45,101553.0,6.01,1770.47
1732003831.0821795,0,turbine 29,13.16,101535.55,6.36,1768.5
1732003831.0821795,0,turbine 30,12.57,101617.26,6.45,1751.81
1732003836.6840832,0,turbine 1,12.57,101553.93,6.34,1776.4
1732003836.6840832,0,turbine 2,12.74,101589.45,5.93,1827.01
1732003836.6840832,0,turbine 3,13.08,101587.35,6.41,1685.88
1732003836.6840832,0,turbine 4,12.46,101563.43,6.3,1888.62
1732003836.6840832,0,turbine 5,12.43,101604.49,5.94,1803.74
1732003836.6840832,0,turbine 6,12.59,101568.91,5.95,1686.76
1732003836.6840832,0,turbine 7,12.62,101606.05,6.23,1704.54
1732003836.6840832,0,turbine 8,12.52,101550.18,6.48,1748.88
1732003836.6840832,0,turbine 9,12.93,101592.42,6.47,1760.24
1732003836.6840832,0,turbine 10,13.09,101582.42,6.41,1695.1
1732003836.6840832,0,turbine 11,13.16,101572.69,6.39,1832.38
1732003836.6840832,0,turbine 12,12.43,101616.59,6.39,1788.03
1732003836.6840832,0,turbine 13,12.63,101553.66,6.03,1800.57
1732003836.6840832,0,turbine 14,12.71,101533.13,6.06,1785.51
1732003836.6840832,0,turbine 15,12.8,101527.01,6.25,1850.93
1732003836.6840832,0,turbine 16,12.55,101555.87,6.02,1805.27
1732003836.6840832,0,turbine 17,12.88,101617.89,6.42,1881.21
1732003836.6840832,0,turbine 18,12.91,101588.62,6.15,1813.33
1732003836.6840832,0,turbine 19,12.99,101593.49,6.37,1667.9
1732003836.6840832,0,turbine 20,12.29,101555.1,5.93,1818.28
1732003836.6840832,0,turbine 21,12.96,101589.73,6.41,1842.31
1732003836.6840832,0,turbine 22,12.34,101526.76,6.35,1728.29
1732003836.6840832,0,turbine 23,12.88,101587.95,5.92,1822.35
1732003836.6840832,0,turbine 24,12.37,101588.15,6.02,1863.65
1732003836.6840832,0,turbine 25,12.85,101582.63,6.35,1897.98
1732003836.6840832,0,turbine 26,12.64,101582.88,6.46,1769.48
1732003836.6840832,0,turbine 27,12.4,101555.74,5.96,1761.34
1732003836.6840832,0,turbine 28,12.48,101559.8,6.24,1916.95
1732003836.6840832,0,turbine 29,12.43,101602.37,6.46,1908.91
1732003836.6840832,0,turbine 30,12.57,101547.97,6.41,1796.18
1732003842.3128662,0,turbine 1,13.19,101526.61,6.26,1846.22
1732003842.3128662,0,turbine 2,12.67,101539.29,6.43,1805.87
1732003842.3128662,0,turbine 3,12.88,101521.89,6.05,1761.93
1732003842.3128662,0,turbine 4,12.8,101562.32,6.38,1720.15
1732003842.3128662,0,turbine 5,12.46,101558.23,6.16,1858.26
1732003842.3128662,0,turbine 6,12.66,101547.02,5.91,1753.17
1732003842.3128662,0,turbine 7,12.28,101578.07,6.42,1738.42
1732003842.3128662,0,turbine 8,12.26,101583.98,6.29,1747.26
1732003842.3128662,0,turbine 9,12.79,101529.67,5.96,1729.03
1732003842.3128662,0,turbine 10,12.54,101546.88,6.28,1814.83
1732003842.3128662,0,turbine 11,12.99,101533.38,6.47,1804.53
1732003842.3128662,0,turbine 12,12.54,101534.6,6.34,1800.47
1732003842.3128662,0,turbine 13,12.42,101603.73,6.03,1777.36
1732003842.3128662,0,turbine 14,12.91,101520.52,5.92,1810.08
1732003842.3128662,0,turbine 15,12.76,101613.04,6.28,1792.56
1732003842.3128662,0,turbine 16,12.74,101560.29,6.32,1708.36
1732003842.3128662,0,turbine 17,12.7,101603.82,6.05,1698.71
1732003842.3128662,0,turbine 18,12.25,101553.02,6.48,1902.71
1732003842.3128662,0,turbine 19,12.86,101522.72,6.06,1897.37
1732003842.3128662,0,turbine 20,12.79,101612.34,5.99,1831.18
1732003842.3128662,0,turbine 21,12.71,101600.35,6.48,1903.62
1732003842.3128662,0,turbine 22,12.84,101563.62,5.91,1756.39
1732003842.3128662,0,turbine 23,12.52,101548.67,6.43,1813.74
1732003842.3128662,0,turbine 24,12.96,101604.6,6.31,1725.81
1732003842.3128662,0,turbine 25,12.54,101597.91,6.24,1810.25
1732003842.3128662,0,turbine 26,12.95,101540.18,5.94,1697.28
1732003842.3128662,0,turbine 27,12.38,101611.96,6.08,1834.51
1732003842.3128662,0,turbine 28,12.27,101567.1,5.98,1744.23
1732003842.3128662,0,turbine 29,13.06,101548.39,6.37,1803.48
1732003842.3128662,0,turbine 30,12.22,101533.11,6.22,1689.05
1732003847.9864166,0,turbine 1,12.25,101560.92,6.47,1876.71
1732003847.9864166,0,turbine 2,12.25,101594.85,6.06,1883.27
1732003847.9864166,0,turbine 3,12.84,101533.17,6.25,1740.32
1732003847.9864166,0,turbine 4,12.74,101598.46,6.01,1875.78
1732003847.9864166,0,turbine 5,12.63,101535.98,6.42,1896.93
1732003847.9864166,0,turbine 6,12.27,101566.7,5.95,1751.77
1732003847.9864166,0,turbine 7,12.85,101570.42,6.28,1743.65
1732003847.9864166,0,turbine 8,12.46,101614.86,6.14,1679.71
1732003847.9864166,0,turbine 9,12.51,101587.23,6.0,1682.42
1732003847.9864166,0,turbine 10,12.59,101567.24,6.22,1876.14
1732003847.9864166,0,turbine 11,12.63,101542.93,6.28,1917.12
1732003847.9864166,0,turbine 12,12.46,101591.18,6.39,1682.57
1732003847.9864166,0,turbine 13,12.55,101567.07,6.47,1741.3
1732003847.9864166,0,turbine 14,12.4,101602.66,6.14,1779.27
1732003847.9864166,0,turbine 15,12.51,101618.72,6.21,1700.4
1732003847.9864166,0,turbine 16,12.88,101574.15,5.96,1716.64
1732003847.9864166,0,turbine 17,12.6,101599.37,5.91,1708.62
1732003847.9864166,0,turbine 18,12.63,101586.3,6.35,1828.41
1732003847.9864166,0,turbine 19,12.82,101616.56,6.07,1812.64
1732003847.9864166,0,turbine 20,12.57,101594.41,5.96,1683.9
1732003847.9864166,0,turbine 21,12.5,101559.38,6.21,1908.47
1732003847.9864166,0,turbine 22,13.08,101544.81,6.02,1697.06
1732003847.9864166,0,turbine 23,12.81,101523.0,6.12,1799.64
1732003847.9864166,0,turbine 24,13.18,101594.57,5.92,1879.01
1732003847.9864166,0,turbine 25,12.24,101533.87,6.39,1904.22
1732003847.9864166,0,turbine 26,12.52,101598.86,6.04,1860.04
1732003847.9864166,0,turbine 27,13.01,101610.4,6.08,1700.11
1732003847.9864166,0,turbine 28,12.74,101527.49,6.14,1847.93
1732003847.9864166,0,turbine 29,12.63,101534.94,5.97,1910.59
1732003847.9864166,0,turbine 30,12.65,101614.96,6.12,1859.63
1732003853.5651617,0,turbine 1,13.02,101550.98,6.07,1860.99
1732003853.5651617,0,turbine 2,13.06,101603.22,6.33,1696.29
1732003853.5651617,0,turbine 3,12.96,101562.41,6.41,1675.35
1732003853.5651617,0,turbine 4,12.57,101521.14,6.0,1711.78
1732003853.5651617,0,turbine 5,12.75,101539.99,6.3,1669.92
1732003853.5651617,0,turbine 6,12.21,101606.13,5.96,1761.4
1732003853.5651617,0,turbine 7,12.81,101523.73,6.04,1701.69
1732003853.5651617,0,turbine 8,12.39,101574.02,5.95,1710.42
1732003853.5651617,0,turbine 9,12.71,101610.27,6.13,1725.92
1732003853.5651617,0,turbine 10,12.72,101534.65,6.45,1860.87
1732003853.5651617,0,turbine 11,13.17,101608.57,6.06,1910.79
1732003853.5651617,0,turbine 12,12.39,101594.29,6.13,1916.27
1732003853.5651617,0,turbine 13,13.16,101582.46,6.11,1747.18
1732003853.5651617,0,turbine 14,12.48,101532.35,6.4,1801.88
1732003853.5651617,0,turbine 15,12.91,101541.91,6.05,1692.78
1732003853.5651617,0,turbine 16,12.89,101520.59,6.17,1719.68
1732003853.5651617,0,turbine 17,12.24,101532.6,6.11,1851.54
1732003853.5651617,0,turbine 18,13.0,101550.8,6.19,1824.8
1732003853.5651617,0,turbine 19,13.02,101601.45,6.46,1670.58
1732003853.5651617,0,turbine 20,12.48,101554.62,6.27,1741.77
1732003853.5651617,0,turbine 21,13.18,101528.03,6.15,1835.67
1732003853.5651617,0,turbine 22,12.31,101592.04,6.4,1878.79
1732003853.5651617,0,turbine 23,12.76,101564.07,6.09,1785.79
1732003853.5651617,0,turbine 24,12.24,101595.45,5.96,1908.38
1732003853.5651617,0,turbine 25,12.84,101593.9,6.32,1772.12
1732003853.5651617,0,turbine 26,12.73,101546.14,6.03,1795.04
1732003853.5651617,0,turbine 27,12.2,101585.12,6.42,1672.57
1732003853.5651617,0,turbine 28,12.71,101543.62,6.14,1847.41
1732003853.5651617,0,turbine 29,12.33,101619.01,6.31,1737.51
1732003853.5651617,0,turbine 30,12.6,101587.26,6.3,1804.98
1732003859.1796958,0,turbine 1,12.77,101585.65,6.21,1914.41
1732003859.1796958,0,turbine 2,12.92,101583.59,6.42,1698.14
1732003859.1796958,0,turbine 3,13.17,101606.16,6.0,1888.45
1732003859.1796958,0,turbine 4,12.59,101524.77,6.25,1868.6
1732003859.1796958,0,turbine 5,12.92,101585.63,6.22,1871.57
1732003859.1796958,0,turbine 6,12.49,101573.01,5.92,1708.97
1732003859.1796958,0,turbine 7,12.94,101562.26,6.19,1901.97
1732003859.1796958,0,turbine 8,12.82,101539.99,6.44,1836.66
1732003859.1796958,0,turbine 9,12.39,101556.3,6.07,1687.22
1732003859.1796958,0,turbine 10,12.59,101541.06,6.36,1823.65
1732003859.1796958,0,turbine 11,12.64,101609.1,5.97,1849.93
1732003859.1796958,0,turbine 12,12.82,101609.48,6.07,1808.43
1732003859.1796958,0,turbine 13,12.37,101605.58,5.93,1754.77
1732003859.1796958,0,turbine 14,12.72,101556.92,6.29,1739.09
1732003859.1796958,0,turbine 15,12.86,101583.03,5.9,1852.02
1732003859.1796958,0,turbine 16,12.26,101586.53,6.15,1836.77
1732003859.1796958,0,turbine 17,13.08,101601.7,6.13,1707.0
1732003859.1796958,0,turbine 18,12.56,101586.0,6.45,1733.75
1732003859.1796958,0,turbine 19,12.53,101577.49,6.44,1715.41
1732003859.1796958,0,turbine 20,13.12,101606.47,6.18,1671.32
1732003859.1796958,0,turbine 21,12.75,101545.63,6.21,1670.85
1732003859.1796958,0,turbine 22,13.15,101577.58,6.01,1674.09
1732003859.1796958,0,turbine 23,12.62,101549.08,5.97,1877.72
1732003859.1796958,0,turbine 24,13.08,101570.2,6.15,1885.24
1732003859.1796958,0,turbine 25,12.24,101560.06,6.4,1743.84
1732003859.1796958,0,turbine 26,12.39,101592.41,6.09,1820.87
1732003859.1796958,0,turbine 27,12.99,101599.86,6.05,1841.79
1732003859.1796958,0,turbine 28,13.16,101521.79,6.35,1762.32
1732003859.1796958,0,turbine 29,12.5,101553.49,6.24,1770.13
1732003859.1796958,0,turbine 30,12.51,101606.61,6.14,1791.04
